date,actual_price,in_sample_fit,forecast_price,band_lo,band_hi,actual_post_forecast
2020-01-01,7200.17,,,,,
2020-01-02,6985.47,,,,,
2020-01-03,7344.88,,,,,
2020-01-04,7410.66,,,,,
2020-01-05,7411.32,,,,,
2020-01-06,7769.22,,,,,
2020-01-07,8163.69,,,,,
2020-01-08,8079.86,,,,,
2020-01-09,7879.07,,,,,
2020-01-10,8166.55,,,,,
2020-01-11,8037.54,,,,,
2020-01-12,8192.49,,,,,
2020-01-13,8144.19,,,,,
2020-01-14,8827.76,,,,,
2020-01-15,8807.01,,,,,
2020-01-16,8723.79,,,,,
2020-01-17,8929.04,,,,,
2020-01-18,8942.81,,,,,
2020-01-19,8706.25,,,,,
2020-01-20,8657.64,,,,,
2020-01-21,8745.89,,,,,
2020-01-22,8680.88,,,,,
2020-01-23,8406.52,,,,,
2020-01-24,8445.43,,,,,
2020-01-25,8367.85,,,,,
2020-01-26,8596.83,,,,,
2020-01-27,8909.82,,,,,
2020-01-28,9358.59,,,,,
2020-01-29,9316.63,,,,,
2020-01-30,9508.99,,,,,
2020-01-31,9350.53,,,,,
2020-02-01,9392.88,,,,,
2020-02-02,9344.37,,,,,
2020-02-03,9293.52,,,,,
2020-02-04,9180.96,,,,,
2020-02-05,9613.42,,,,,
2020-02-06,9729.8,,,,,
2020-02-07,9795.94,,,,,
2020-02-08,9865.12,,,,,
2020-02-09,10116.67,,,,,
2020-02-10,9856.61,,,,,
2020-02-11,10208.24,,,,,
2020-02-12,10326.05,,,,,
2020-02-13,10214.38,,,,,
2020-02-14,10312.12,,,,,
2020-02-15,9889.42,,,,,
2020-02-16,9934.43,,,,,
2020-02-17,9690.14,,,,,
2020-02-18,10142.0,,,,,
2020-02-19,9633.39,,,,,
2020-02-20,9608.48,,,,,
2020-02-21,9686.44,,,,,
2020-02-22,9663.18,,,,,
2020-02-23,9924.52,,,,,
2020-02-24,9650.17,,,,,
2020-02-25,9341.71,,,,,
2020-02-26,8820.52,,,,,
2020-02-27,8784.49,,,,,
2020-02-28,8672.46,,,,,
2020-02-29,8599.51,,,,,
2020-03-01,8562.45,,,,,
2020-03-02,8869.67,,,,,
2020-03-03,8787.79,,,,,
2020-03-04,8755.25,,,,,
2020-03-05,9078.76,,,,,
2020-03-06,9122.55,,,,,
2020-03-07,8909.95,,,,,
2020-03-08,8108.12,,,,,
2020-03-09,7923.64,,,,,
2020-03-10,7909.73,,,,,
2020-03-11,7911.43,,,,,
2020-03-12,4970.79,,,,,
2020-03-13,5563.71,,,,,
2020-03-14,5200.37,,,,,
2020-03-15,5392.31,,,,,
2020-03-16,5014.48,,,,,
2020-03-17,5225.63,,,,,
2020-03-18,5238.44,,,,,
2020-03-19,6191.19,,,,,
2020-03-20,6198.78,,,,,
2020-03-21,6185.07,,,,,
2020-03-22,5830.25,,,,,
2020-03-23,6416.31,,,,,
2020-03-24,6734.8,,,,,
2020-03-25,6681.06,,,,,
2020-03-26,6716.44,,,,,
2020-03-27,6469.8,,,,,
2020-03-28,6242.19,,,,,
2020-03-29,5922.04,,,,,
2020-03-30,6429.84,,,,,
2020-03-31,6438.64,,,,,
2020-04-01,6606.78,,,,,
2020-04-02,6793.62,,,,,
2020-04-03,6733.39,,,,,
2020-04-04,6867.53,,,,,
2020-04-05,6791.13,,,,,
2020-04-06,7271.78,,,,,
2020-04-07,7176.41,,,,,
2020-04-08,7334.1,,,,,
2020-04-09,7302.09,,,,,
2020-04-10,6865.49,,,,,
2020-04-11,6859.08,,,,,
2020-04-12,6971.09,,,,,
2020-04-13,6845.04,,,,,
2020-04-14,6842.43,,,,,
2020-04-15,6642.11,,,,,
2020-04-16,7116.8,,,,,
2020-04-17,7096.18,,,,,
2020-04-18,7257.67,,,,,
2020-04-19,7189.42,,,,,
2020-04-20,6881.96,,,,,
2020-04-21,6880.32,,,,,
2020-04-22,7117.21,,,,,
2020-04-23,7429.72,,,,,
2020-04-24,7550.9,,,,,
2020-04-25,7569.94,,,,,
2020-04-26,7679.87,,,,,
2020-04-27,7795.6,,,,,
2020-04-28,7807.06,,,,,
2020-04-29,8801.04,,,,,
2020-04-30,8658.55,,,,,
2020-05-01,8864.77,,,,,
2020-05-02,8988.6,,,,,
2020-05-03,8897.47,,,,,
2020-05-04,8912.65,,,,,
2020-05-05,9003.07,,,,,
2020-05-06,9268.76,,,,,
2020-05-07,9951.52,,,,,
2020-05-08,9842.67,,,,,
2020-05-09,9593.9,,,,,
2020-05-10,8756.43,,,,,
2020-05-11,8601.8,,,,,
2020-05-12,8804.48,,,,,
2020-05-13,9269.99,,,,,
2020-05-14,9733.72,,,,,
2020-05-15,9328.2,,,,,
2020-05-16,9377.01,,,,,
2020-05-17,9670.74,,,,,
2020-05-18,9726.58,,,,,
2020-05-19,9729.04,,,,,
2020-05-20,9522.98,,,,,
2020-05-21,9081.76,,,,,
2020-05-22,9182.58,,,,,
2020-05-23,9209.29,,,,,
2020-05-24,8790.37,,,,,
2020-05-25,8906.93,,,,,
2020-05-26,8835.05,,,,,
2020-05-27,9181.02,,,,,
2020-05-28,9525.75,,,,,
2020-05-29,9439.12,,,,,
2020-05-30,9700.41,,,,,
2020-05-31,9461.06,,,,,
2020-06-01,10167.27,,,,,
2020-06-02,9529.8,,,,,
2020-06-03,9656.72,,,,,
2020-06-04,9800.64,,,,,
2020-06-05,9665.53,,,,,
2020-06-06,9653.68,,,,,
2020-06-07,9758.85,,,,,
2020-06-08,9771.49,,,,,
2020-06-09,9795.7,,,,,
2020-06-10,9870.09,9146.83,,,,
2020-06-11,9321.78,9171.88,,,,
2020-06-12,9480.84,8750.97,,,,
2020-06-13,9475.28,8914.11,,,,
2020-06-14,9386.79,8808.31,,,,
2020-06-15,9450.7,8839.36,,,,
2020-06-16,9538.02,8733.75,,,,
2020-06-17,9480.25,8997.08,,,,
2020-06-18,9411.84,8845.14,,,,
2020-06-19,9288.02,8829.67,,,,
2020-06-20,9332.34,8756.29,,,,
2020-06-21,9303.63,8736.96,,,,
2020-06-22,9648.72,8710.82,,,,
2020-06-23,9629.66,8857.65,,,,
2020-06-24,9313.61,8874.05,,,,
2020-06-25,9264.81,8632.39,,,,
2020-06-26,9162.92,8733.57,,,,
2020-06-27,9045.39,8640.59,,,,
2020-06-28,9143.58,8674.76,,,,
2020-06-29,9190.85,8709.17,,,,
2020-06-30,9137.99,8670.84,,,,
2020-07-01,9228.33,8703.7,,,,
2020-07-02,9123.41,8747.42,,,,
2020-07-03,9087.3,8717.59,,,,
2020-07-04,9132.49,8739.15,,,,
2020-07-05,9073.94,8733.13,,,,
2020-07-06,9375.47,8738.88,,,,
2020-07-07,9252.28,8814.08,,,,
2020-07-08,9428.33,8777.96,,,,
2020-07-09,9277.97,8885.15,,,,
2020-07-10,9278.81,8843.98,,,,
2020-07-11,9240.35,8810.85,,,,
2020-07-12,9276.5,8841.99,,,,
2020-07-13,9243.61,8826.49,,,,
2020-07-14,9243.21,8859.99,,,,
2020-07-15,9192.84,8842.01,,,,
2020-07-16,9132.23,8818.99,,,,
2020-07-17,9151.39,8817.27,,,,
2020-07-18,9159.04,8827.71,,,,
2020-07-19,9185.82,8817.45,,,,
2020-07-20,9164.23,8882.99,,,,
2020-07-21,9374.89,8699.26,,,,
2020-07-22,9525.36,9112.15,,,,
2020-07-23,9581.07,9139.81,,,,
2020-07-24,9536.89,9388.62,,,,
2020-07-25,9677.11,9356.38,,,,
2020-07-26,9905.17,9628.51,,,,
2020-07-27,10990.87,9779.55,,,,
2020-07-28,10912.82,10500.07,,,,
2020-07-29,11100.47,10511.97,,,,
2020-07-30,11111.21,10631.14,,,,
2020-07-31,11323.47,10881.12,,,,
2020-08-01,11759.59,11093.23,,,,
2020-08-02,11053.61,11451.26,,,,
2020-08-03,11246.35,11098.81,,,,
2020-08-04,11205.89,11396.72,,,,
2020-08-05,11747.02,11472.02,,,,
2020-08-06,11779.77,11762.01,,,,
2020-08-07,11601.47,11920.03,,,,
2020-08-08,11754.05,11797.14,,,,
2020-08-09,11675.74,11973.17,,,,
2020-08-10,11878.11,12003.2,,,,
2020-08-11,11410.53,12022.49,,,,
2020-08-12,11584.93,11866.98,,,,
2020-08-13,11784.14,11817.27,,,,
2020-08-14,11768.87,11979.66,,,,
2020-08-15,11865.7,11816.99,,,,
2020-08-16,11892.8,11826.71,,,,
2020-08-17,12254.4,11854.69,,,,
2020-08-18,11991.23,12091.58,,,,
2020-08-19,11758.28,11900.58,,,,
2020-08-20,11878.37,11675.55,,,,
2020-08-21,11592.49,11637.05,,,,
2020-08-22,11681.83,11546.41,,,,
2020-08-23,11664.85,11305.36,,,,
2020-08-24,11774.6,11373.02,,,,
2020-08-25,11366.13,11162.07,,,,
2020-08-26,11488.36,11042.13,,,,
2020-08-27,11323.4,10826.6,,,,
2020-08-28,11542.5,10757.98,,,,
2020-08-29,11506.87,10665.54,,,,
2020-08-30,11711.51,10582.17,,,,
2020-08-31,11680.82,10658.2,,,,
2020-09-01,11970.48,10520.68,,,,
2020-09-02,11414.03,10695.04,,,,
2020-09-03,10245.3,10391.92,,,,
2020-09-04,10511.81,9974.03,,,,
2020-09-05,10169.57,9945.64,,,,
2020-09-06,10280.35,9872.53,,,,
2020-09-07,10369.56,9872.56,,,,
2020-09-08,10131.52,10012.46,,,,
2020-09-09,10242.35,9949.34,,,,
2020-09-10,10363.14,10057.89,,,,
2020-09-11,10400.92,10109.97,,,,
2020-09-12,10442.17,10265.5,,,,
2020-09-13,10323.76,10209.58,,,,
2020-09-14,10680.84,10217.11,,,,
2020-09-15,10796.95,10320.39,,,,
2020-09-16,10974.91,10460.95,,,,
2020-09-17,10948.99,10456.15,,,,
2020-09-18,10944.59,10601.91,,,,
2020-09-19,11094.35,10524.27,,,,
2020-09-20,10938.27,10852.76,,,,
2020-09-21,10462.26,10672.42,,,,
2020-09-22,10538.46,10406.62,,,,
2020-09-23,10246.19,10545.04,,,,
2020-09-24,10760.07,10367.92,,,,
2020-09-25,10692.72,10626.18,,,,
2020-09-26,10750.72,10714.64,,,,
2020-09-27,10775.27,10606.38,,,,
2020-09-28,10709.65,10790.8,,,,
2020-09-29,10844.64,10605.01,,,,
2020-09-30,10784.49,10736.01,,,,
2020-10-01,10619.45,10547.05,,,,
2020-10-02,10575.97,10549.58,,,,
2020-10-03,10549.33,10221.52,,,,
2020-10-04,10669.58,10304.01,,,,
2020-10-05,10793.34,10150.38,,,,
2020-10-06,10604.41,10433.08,,,,
2020-10-07,10668.97,10162.54,,,,
2020-10-08,10915.69,10372.99,,,,
2020-10-09,11064.46,10425.31,,,,
2020-10-10,11296.36,10586.53,,,,
2020-10-11,11384.18,10608.76,,,,
2020-10-12,11555.36,10812.8,,,,
2020-10-13,11425.9,11000.74,,,,
2020-10-14,11429.51,11059.56,,,,
2020-10-15,11495.35,11123.14,,,,
2020-10-16,11322.12,11389.0,,,,
2020-10-17,11358.1,11262.05,,,,
2020-10-18,11483.36,11310.91,,,,
2020-10-19,11742.04,11344.84,,,,
2020-10-20,11916.33,11577.69,,,,
2020-10-21,12823.69,11691.41,,,,
2020-10-22,12965.89,12295.84,,,,
2020-10-23,12931.54,12458.52,,,,
2020-10-24,13108.06,12456.01,,,,
2020-10-25,13031.17,12769.71,,,,
2020-10-26,13075.25,12840.05,,,,
2020-10-27,13654.22,12990.13,,,,
2020-10-28,13271.29,13402.6,,,,
2020-10-29,13437.88,13362.48,,,,
2020-10-30,13546.52,13563.29,,,,
2020-10-31,13781.0,13882.3,,,,
2020-11-01,13737.11,13904.08,,,,
2020-11-02,13550.49,14000.88,,,,
2020-11-03,13950.3,13888.9,,,,
2020-11-04,14133.71,14281.97,,,,
2020-11-05,15579.85,14368.32,,,,
2020-11-06,15565.88,14974.3,,,,
2020-11-07,14833.75,15159.2,,,,
2020-11-08,15479.57,14818.34,,,,
2020-11-09,15332.32,15470.43,,,,
2020-11-10,15290.9,15510.93,,,,
2020-11-11,15701.34,15458.28,,,,
2020-11-12,16276.34,15825.7,,,,
2020-11-13,16317.81,16123.92,,,,
2020-11-14,16068.14,16216.62,,,,
2020-11-15,15955.59,16126.51,,,,
2020-11-16,16716.11,16129.83,,,,
2020-11-17,17645.41,16463.99,,,,
2020-11-18,17804.01,16843.32,,,,
2020-11-19,17817.09,16971.12,,,,
2020-11-20,18621.31,16948.74,,,,
2020-11-21,18642.23,17370.42,,,,
2020-11-22,18370.0,17652.67,,,,
2020-11-23,18364.12,17354.58,,,,
2020-11-24,19107.46,17854.79,,,,
2020-11-25,18732.12,18243.38,,,,
2020-11-26,17150.62,18064.73,,,,
2020-11-27,17108.4,16815.47,,,,
2020-11-28,17717.41,16820.6,,,,
2020-11-29,18177.48,16984.55,,,,
2020-11-30,19625.84,17030.74,,,,
2020-12-01,18803.0,17472.03,,,,
2020-12-02,19201.09,17317.68,,,,
2020-12-03,19445.4,17454.42,,,,
2020-12-04,18699.77,17634.8,,,,
2020-12-05,19154.23,17380.74,,,,
2020-12-06,19345.12,17526.11,,,,
2020-12-07,19191.63,17680.0,,,,
2020-12-08,18321.14,17600.85,,,,
2020-12-09,18553.92,17160.26,,,,
2020-12-10,18264.99,17200.14,,,,
2020-12-11,18058.9,17218.27,,,,
2020-12-12,18803.66,16918.74,,,,
2020-12-13,19142.38,17290.01,,,,
2020-12-14,19246.64,17534.34,,,,
2020-12-15,19417.08,17494.74,,,,
2020-12-16,21310.6,17989.77,,,,
2020-12-17,22805.16,19103.39,,,,
2020-12-18,23137.96,20468.41,,,,
2020-12-19,23869.83,21103.33,,,,
2020-12-20,23477.29,22184.52,,,,
2020-12-21,22803.08,22100.94,,,,
2020-12-22,23783.03,22451.93,,,,
2020-12-23,23241.35,23391.84,,,,
2020-12-24,23735.95,23772.64,,,,
2020-12-25,24664.79,24412.48,,,,
2020-12-26,26437.04,25841.5,,,,
2020-12-27,26272.29,26738.61,,,,
2020-12-28,27084.81,27447.89,,,,
2020-12-29,27362.44,27872.73,,,,
2020-12-30,28840.95,29126.0,,,,
2020-12-31,29001.72,29673.62,,,,
2021-01-01,29374.15,30438.48,,,,
2021-01-02,32127.27,30626.67,,,,
2021-01-03,32782.02,32502.89,,,,
2021-01-04,31971.91,33067.14,,,,
2021-01-05,33992.43,33208.55,,,,
2021-01-06,36824.36,34752.75,,,,
2021-01-07,39371.04,35876.9,,,,
2021-01-08,40797.61,36907.35,,,,
2021-01-09,40254.55,37681.5,,,,
2021-01-10,38356.44,37847.76,,,,
2021-01-11,35566.66,37242.81,,,,
2021-01-12,33922.96,36149.42,,,,
2021-01-13,37316.36,35171.4,,,,
2021-01-14,39187.33,36564.59,,,,
2021-01-15,36825.37,37140.5,,,,
2021-01-16,36178.14,35476.07,,,,
2021-01-17,35791.28,34873.97,,,,
2021-01-18,36630.07,34750.26,,,,
2021-01-19,36069.8,34857.46,,,,
2021-01-20,35547.75,34280.33,,,,
2021-01-21,30825.7,33836.4,,,,
2021-01-22,33005.76,31513.8,,,,
2021-01-23,32067.64,31147.97,,,,
2021-01-24,32289.38,31674.43,,,,
2021-01-25,32366.39,31822.75,,,,
2021-01-26,32569.85,33059.63,,,,
2021-01-27,30432.55,33657.2,,,,
2021-01-28,33466.1,33064.49,,,,
2021-01-29,34316.39,34908.72,,,,
2021-01-30,34269.52,36418.47,,,,
2021-01-31,33114.36,36537.57,,,,
2021-02-01,33537.18,36494.26,,,,
2021-02-02,35510.29,37023.17,,,,
2021-02-03,37472.09,37731.62,,,,
2021-02-04,36926.07,39250.9,,,,
2021-02-05,38144.31,38752.72,,,,
2021-02-06,39266.01,39883.45,,,,
2021-02-07,38903.44,40338.06,,,,
2021-02-08,46196.46,41083.22,,,,
2021-02-09,46481.11,43250.75,,,,
2021-02-10,44918.18,45268.77,,,,
2021-02-11,47909.33,44168.41,,,,
2021-02-12,47504.85,46242.68,,,,
2021-02-13,47105.52,46792.37,,,,
2021-02-14,48717.29,47348.6,,,,
2021-02-15,47945.06,48366.42,,,,
2021-02-16,49199.87,48945.81,,,,
2021-02-17,52149.01,49509.99,,,,
2021-02-18,51679.8,50910.93,,,,
2021-02-19,55888.13,50810.6,,,,
2021-02-20,56099.52,51235.29,,,,
2021-02-21,57539.95,51382.02,,,,
2021-02-22,54207.32,51370.85,,,,
2021-02-23,48824.43,50389.46,,,,
2021-02-24,49705.33,48696.06,,,,
2021-02-25,47093.85,49159.34,,,,
2021-02-26,46339.76,48010.5,,,,
2021-02-27,46188.45,47435.04,,,,
2021-02-28,45137.77,47802.64,,,,
2021-03-01,49631.24,47098.19,,,,
2021-03-02,48378.99,49859.08,,,,
2021-03-03,50538.24,49224.77,,,,
2021-03-04,48561.17,50174.81,,,,
2021-03-05,48927.3,49545.84,,,,
2021-03-06,48912.38,49722.47,,,,
2021-03-07,51206.69,49505.27,,,,
2021-03-08,52246.52,50556.1,,,,
2021-03-09,54824.12,50652.88,,,,
2021-03-10,56008.55,51736.78,,,,
2021-03-11,57805.12,52212.58,,,,
2021-03-12,57332.09,52793.16,,,,
2021-03-13,61243.09,53032.92,,,,
2021-03-14,59302.32,53960.5,,,,
2021-03-15,55907.2,53783.99,,,,
2021-03-16,56804.9,52100.36,,,,
2021-03-17,58870.89,52863.3,,,,
2021-03-18,57858.92,53863.86,,,,
2021-03-19,58346.65,53277.61,,,,
2021-03-20,58313.64,53200.94,,,,
2021-03-21,57523.42,53304.41,,,,
2021-03-22,54529.14,52904.07,,,,
2021-03-23,54738.95,51625.88,,,,
2021-03-24,52774.27,51681.95,,,,
2021-03-25,51704.16,50947.53,,,,
2021-03-26,55137.31,50077.75,,,,
2021-03-27,55973.51,51671.0,,,,
2021-03-28,55950.75,51660.72,,,,
2021-03-29,57750.2,51602.33,,,,
2021-03-30,58917.69,52210.37,,,,
2021-03-31,58918.83,52919.66,,,,
2021-04-01,59095.81,52850.75,,,,
2021-04-02,59384.31,53353.38,,,,
2021-04-03,57603.89,53589.68,,,,
2021-04-04,58758.55,52957.06,,,,
2021-04-05,59057.88,53508.17,,,,
2021-04-06,58192.36,54130.69,,,,
2021-04-07,56048.94,53320.52,,,,
2021-04-08,58323.95,52760.92,,,,
2021-04-09,58245.0,53498.52,,,,
2021-04-10,59793.23,53658.09,,,,
2021-04-11,60204.96,53680.9,,,,
2021-04-12,59893.45,54336.52,,,,
2021-04-13,63503.46,54004.87,,,,
2021-04-14,63109.7,55409.83,,,,
2021-04-15,63314.01,55576.79,,,,
2021-04-16,61572.79,55443.74,,,,
2021-04-17,60683.82,55026.86,,,,
2021-04-18,56216.18,54922.45,,,,
2021-04-19,55724.27,52779.84,,,,
2021-04-20,56473.03,52885.71,,,,
2021-04-21,53906.09,53369.04,,,,
2021-04-22,51762.27,52065.4,,,,
2021-04-23,51093.65,50980.59,,,,
2021-04-24,50050.87,50393.45,,,,
2021-04-25,49004.25,49909.31,,,,
2021-04-26,54021.75,49136.84,,,,
2021-04-27,55033.12,51237.71,,,,
2021-04-28,54824.7,51332.34,,,,
2021-04-29,53555.11,51523.33,,,,
2021-04-30,57750.18,50861.83,,,,
2021-05-01,57828.05,52473.13,,,,
2021-05-02,56631.08,52500.92,,,,
2021-05-03,57200.29,51998.23,,,,
2021-05-04,53333.54,52248.18,,,,
2021-05-05,57424.01,51046.67,,,,
2021-05-06,56396.52,52057.11,,,,
2021-05-07,57356.4,52233.42,,,,
2021-05-08,58803.78,51621.96,,,,
2021-05-09,58232.32,53132.1,,,,
2021-05-10,55859.8,52682.63,,,,
2021-05-11,56704.57,51852.62,,,,
2021-05-12,49150.54,52344.04,,,,
2021-05-13,49716.19,48547.87,,,,
2021-05-14,49880.54,47446.9,,,,
2021-05-15,46760.19,47308.38,,,,
2021-05-16,46456.06,44196.04,,,,
2021-05-17,43537.51,44514.29,,,,
2021-05-18,42909.4,41973.15,,,,
2021-05-19,37002.44,41602.8,,,,
2021-05-20,40782.74,37419.29,,,,
2021-05-21,37304.69,37661.11,,,,
2021-05-22,37536.63,35428.76,,,,
2021-05-23,34770.58,34587.87,,,,
2021-05-24,38705.98,34137.97,,,,
2021-05-25,38402.22,34133.61,,,,
2021-05-26,39294.2,34202.78,,,,
2021-05-27,38436.97,34462.49,,,,
2021-05-28,35697.61,35131.34,,,,
2021-05-29,34616.07,35116.69,,,,
2021-05-30,35678.13,35031.72,,,,
2021-05-31,37332.86,35377.72,,,,
2021-06-01,36684.93,35474.24,,,,
2021-06-02,37575.18,35680.17,,,,
2021-06-03,39208.77,35510.27,,,,
2021-06-04,36894.41,36242.48,,,,
2021-06-05,35551.96,35945.64,,,,
2021-06-06,35862.38,35502.7,,,,
2021-06-07,33560.71,35639.02,,,,
2021-06-08,33472.63,35093.93,,,,
2021-06-09,37345.12,34635.67,,,,
2021-06-10,36702.6,35973.96,,,,
2021-06-11,37334.4,36126.35,,,,
2021-06-12,35552.52,36061.15,,,,
2021-06-13,39097.86,36102.84,,,,
2021-06-14,40218.48,36576.35,,,,
2021-06-15,40406.27,37807.96,,,,
2021-06-16,38347.06,37450.82,,,,
2021-06-17,38053.5,37000.81,,,,
2021-06-18,35787.25,36812.13,,,,
2021-06-19,35615.87,36158.4,,,,
2021-06-20,35698.3,35400.09,,,,
2021-06-21,31676.69,35717.14,,,,
2021-06-22,32505.66,33482.29,,,,
2021-06-23,33723.03,32793.86,,,,
2021-06-24,34662.44,33135.74,,,,
2021-06-25,31637.78,33346.75,,,,
2021-06-26,32186.28,32056.37,,,,
2021-06-27,34649.64,31936.56,,,,
2021-06-28,34434.34,33395.49,,,,
2021-06-29,35867.78,33465.45,,,,
2021-06-30,35040.84,34204.75,,,,
2021-07-01,33572.12,34207.02,,,,
2021-07-02,33897.05,33737.87,,,,
2021-07-03,34668.55,33616.59,,,,
2021-07-04,35287.78,34400.65,,,,
2021-07-05,33746.0,34436.86,,,,
2021-07-06,34235.2,34187.06,,,,
2021-07-07,33855.33,33794.48,,,,
2021-07-08,32877.37,33873.91,,,,
2021-07-09,33798.01,32744.64,,,,
2021-07-10,33520.52,33444.05,,,,
2021-07-11,34240.19,33197.89,,,,
2021-07-12,33155.85,33285.93,,,,
2021-07-13,32702.03,33191.92,,,,
2021-07-14,32822.35,32468.0,,,,
2021-07-15,31780.73,32892.31,,,,
2021-07-16,31421.54,32123.11,,,,
2021-07-17,31533.07,31733.91,,,,
2021-07-18,31796.81,31382.26,,,,
2021-07-19,30817.83,31433.25,,,,
2021-07-20,29807.35,30819.32,,,,
2021-07-21,32110.69,30430.25,,,,
2021-07-22,32313.11,31056.65,,,,
2021-07-23,33581.55,32031.02,,,,
2021-07-24,34292.45,32447.13,,,,
2021-07-25,35350.19,33591.43,,,,
2021-07-26,37337.54,34040.8,,,,
2021-07-27,39406.94,35438.8,,,,
2021-07-28,39995.91,36207.51,,,,
2021-07-29,40008.42,37412.94,,,,
2021-07-30,42235.55,37965.27,,,,
2021-07-31,41626.2,39111.3,,,,
2021-08-01,39974.89,39622.31,,,,
2021-08-02,39201.95,39702.59,,,,
2021-08-03,38152.98,39510.95,,,,
2021-08-04,39747.5,38988.03,,,,
2021-08-05,40869.55,39556.67,,,,
2021-08-06,42816.5,40374.15,,,,
2021-08-07,44555.8,41115.16,,,,
2021-08-08,43798.12,42190.73,,,,
2021-08-09,46365.4,42352.36,,,,
2021-08-10,45585.03,43279.21,,,,
2021-08-11,45593.64,43503.85,,,,
2021-08-12,44428.29,43588.38,,,,
2021-08-13,47793.32,43233.98,,,,
2021-08-14,47096.95,44151.13,,,,
2021-08-15,47047.0,44390.26,,,,
2021-08-16,46004.48,44306.81,,,,
2021-08-17,44695.36,44189.27,,,,
2021-08-18,44801.19,43423.96,,,,
2021-08-19,46717.58,43209.18,,,,
2021-08-20,49339.18,43899.87,,,,
2021-08-21,48905.49,45409.93,,,,
2021-08-22,49321.65,45189.46,,,,
2021-08-23,49546.15,45720.55,,,,
2021-08-24,47706.12,45717.73,,,,
2021-08-25,48960.79,45363.89,,,,
2021-08-26,46942.22,45129.59,,,,
2021-08-27,49058.67,44928.48,,,,
2021-08-28,48902.4,44499.61,,,,
2021-08-29,48829.83,45607.89,,,,
2021-08-30,47054.98,44849.31,,,,
2021-08-31,47166.69,44672.48,,,,
2021-09-01,48847.03,44088.05,,,,
2021-09-02,49327.72,45356.35,,,,
2021-09-03,50025.38,45558.76,,,,
2021-09-04,49944.62,46159.82,,,,
2021-09-05,51753.41,46268.81,,,,
2021-09-06,52633.54,47367.52,,,,
2021-09-07,46811.13,47888.47,,,,
2021-09-08,46091.39,45856.48,,,,
2021-09-09,46391.42,45136.14,,,,
2021-09-10,44883.91,45617.79,,,,
2021-09-11,45201.46,44738.58,,,,
2021-09-12,46063.27,44608.26,,,,
2021-09-13,44963.07,45166.63,,,,
2021-09-14,47092.49,44735.48,,,,
2021-09-15,48176.35,45364.48,,,,
2021-09-16,47783.36,46337.04,,,,
2021-09-17,47267.52,46284.86,,,,
2021-09-18,48278.36,46097.45,,,,
2021-09-19,47260.22,46741.61,,,,
2021-09-20,42843.8,46238.72,,,,
2021-09-21,40693.68,44083.79,,,,
2021-09-22,43574.51,42569.79,,,,
2021-09-23,44895.1,42948.39,,,,
2021-09-24,42839.75,43326.95,,,,
2021-09-25,42716.59,42211.92,,,,
2021-09-26,43208.54,41589.1,,,,
2021-09-27,42235.73,42150.26,,,,
2021-09-28,41034.54,41400.19,,,,
2021-09-29,41564.36,40550.54,,,,
2021-09-30,43790.89,40675.64,,,,
2021-10-01,48116.94,42060.82,,,,
2021-10-02,47711.49,44464.04,,,,
2021-10-03,48199.95,45188.35,,,,
2021-10-04,49112.9,45860.36,,,,
2021-10-05,51514.81,46944.59,,,,
2021-10-06,55361.45,49374.56,,,,
2021-10-07,53805.98,50306.0,,,,
2021-10-08,53967.85,51117.18,,,,
2021-10-09,54968.22,51159.0,,,,
2021-10-10,54771.58,52547.31,,,,
2021-10-11,57484.79,52766.86,,,,
2021-10-12,56041.06,54261.28,,,,
2021-10-13,57401.1,54415.23,,,,
2021-10-14,57321.52,55255.27,,,,
2021-10-15,61593.95,55798.4,,,,
2021-10-16,60892.18,57597.02,,,,
2021-10-17,61553.62,58136.8,,,,
2021-10-18,62026.08,58140.67,,,,
2021-10-19,64261.99,58664.13,,,,
2021-10-20,65992.84,59412.62,,,,
2021-10-21,62210.17,59543.43,,,,
2021-10-22,60692.27,58012.02,,,,
2021-10-23,61393.62,57440.45,,,,
2021-10-24,60930.84,57420.75,,,,
2021-10-25,63039.82,57364.18,,,,
2021-10-26,60363.79,57430.95,,,,
2021-10-27,58482.39,56654.67,,,,
2021-10-28,60622.14,55058.59,,,,
2021-10-29,62227.96,55749.96,,,,
2021-10-30,61888.83,56516.49,,,,
2021-10-31,61318.96,56177.33,,,,
2021-11-01,61004.41,56285.17,,,,
2021-11-02,63226.4,55797.93,,,,
2021-11-03,62970.05,56832.4,,,,
2021-11-04,61452.23,56568.37,,,,
2021-11-05,61125.68,56383.09,,,,
2021-11-06,61527.48,55751.07,,,,
2021-11-07,63326.99,56158.67,,,,
2021-11-08,67566.83,56369.89,,,,
2021-11-09,66971.83,58182.75,,,,
2021-11-10,64995.23,58465.87,,,,
2021-11-11,64949.96,58358.62,,,,
2021-11-12,64155.94,58061.17,,,,
2021-11-13,64469.53,58224.66,,,,
2021-11-14,65466.84,57876.15,,,,
2021-11-15,63557.87,58623.19,,,,
2021-11-16,60161.25,57744.22,,,,
2021-11-17,60368.01,56500.01,,,,
2021-11-18,56942.14,55883.43,,,,
2021-11-19,58119.58,55086.96,,,,
2021-11-20,59697.2,54367.54,,,,
2021-11-21,58730.48,55540.56,,,,
2021-11-22,56289.29,54715.12,,,,
2021-11-23,57569.07,53931.92,,,,
2021-11-24,56280.43,54007.43,,,,
2021-11-25,57274.68,54173.05,,,,
2021-11-26,53569.77,53271.48,,,,
2021-11-27,54815.08,52551.67,,,,
2021-11-28,57248.46,50884.46,,,,
2021-11-29,57806.57,52995.15,,,,
2021-11-30,57005.43,52582.23,,,,
2021-12-01,57229.83,52874.05,,,,
2021-12-02,56477.82,52325.44,,,,
2021-12-03,53598.25,52603.98,,,,
2021-12-04,49200.7,50230.68,,,,
2021-12-05,49368.85,48239.24,,,,
2021-12-06,50582.62,46940.96,,,,
2021-12-07,50700.09,47190.45,,,,
2021-12-08,50504.8,46420.76,,,,
2021-12-09,47672.12,46984.07,,,,
2021-12-10,47243.3,45734.38,,,,
2021-12-11,49362.51,46037.33,,,,
2021-12-12,50098.34,46641.49,,,,
2021-12-13,46737.48,47424.08,,,,
2021-12-14,46612.63,46197.66,,,,
2021-12-15,48896.72,46496.29,,,,
2021-12-16,47665.43,47324.67,,,,
2021-12-17,46202.14,46742.72,,,,
2021-12-18,46848.78,46190.42,,,,
2021-12-19,46707.02,46385.54,,,,
2021-12-20,46880.28,46571.3,,,,
2021-12-21,48936.61,46275.85,,,,
2021-12-22,48628.51,47586.51,,,,
2021-12-23,50784.54,47718.93,,,,
2021-12-24,50822.2,48582.65,,,,
2021-12-25,50429.86,49585.82,,,,
2021-12-26,50809.52,49353.95,,,,
2021-12-27,50640.42,49548.83,,,,
2021-12-28,47588.86,49922.56,,,,
2021-12-29,46444.71,47412.51,,,,
2021-12-30,47178.12,46295.26,,,,
2021-12-31,46306.45,46060.24,,,,
2022-01-01,47686.81,45312.67,,,,
2022-01-02,47345.22,44964.08,,,,
2022-01-03,46458.12,45289.07,,,,
2022-01-04,45897.57,44082.04,,,,
2022-01-05,43569.0,43831.92,,,,
2022-01-06,43160.93,42563.15,,,,
2022-01-07,41557.9,42019.84,,,,
2022-01-08,41733.94,41324.64,,,,
2022-01-09,41911.6,40718.17,,,,
2022-01-10,41821.26,40621.36,,,,
2022-01-11,42735.86,40873.84,,,,
2022-01-12,43949.1,41352.81,,,,
2022-01-13,42591.57,42359.64,,,,
2022-01-14,43099.7,41820.54,,,,
2022-01-15,43177.4,42306.5,,,,
2022-01-16,43113.88,42164.18,,,,
2022-01-17,42250.55,42746.71,,,,
2022-01-18,42375.63,42314.41,,,,
2022-01-19,41744.33,42692.58,,,,
2022-01-20,40680.42,42185.19,,,,
2022-01-21,36457.32,41739.29,,,,
2022-01-22,35030.25,39619.22,,,,
2022-01-23,36276.8,38276.29,,,,
2022-01-24,36654.33,38158.79,,,,
2022-01-25,36954.0,37586.46,,,,
2022-01-26,36852.12,37403.33,,,,
2022-01-27,37138.23,37734.54,,,,
2022-01-28,37784.33,38116.06,,,,
2022-01-29,38138.18,38484.56,,,,
2022-01-30,37917.6,38764.59,,,,
2022-01-31,38483.12,39150.51,,,,
2022-02-01,38743.27,39582.37,,,,
2022-02-02,36952.98,40145.85,,,,
2022-02-03,37154.6,39104.86,,,,
2022-02-04,41500.88,39190.72,,,,
2022-02-05,41441.16,41537.43,,,,
2022-02-06,42412.43,42973.16,,,,
2022-02-07,43840.29,43867.24,,,,
2022-02-08,44118.45,45288.04,,,,
2022-02-09,44338.8,45904.67,,,,
2022-02-10,43565.11,46393.82,,,,
2022-02-11,42407.94,46010.08,,,,
2022-02-12,42244.47,45088.97,,,,
2022-02-13,42197.52,44516.67,,,,
2022-02-14,42586.92,44038.65,,,,
2022-02-15,44575.2,44034.58,,,,
2022-02-16,43961.86,44680.66,,,,
2022-02-17,40538.01,44853.79,,,,
2022-02-18,40030.98,41594.05,,,,
2022-02-19,40122.16,41604.24,,,,
2022-02-20,38431.38,40786.89,,,,
2022-02-21,37075.28,39810.19,,,,
2022-02-22,38286.03,38731.49,,,,
2022-02-23,37296.57,39103.02,,,,
2022-02-24,38332.61,38535.58,,,,
2022-02-25,39214.22,38704.44,,,,
2022-02-26,39105.15,39137.21,,,,
2022-02-27,37709.79,39442.16,,,,
2022-02-28,43193.23,38719.33,,,,
2022-03-01,44354.64,40892.38,,,,
2022-03-02,43924.12,42618.9,,,,
2022-03-03,42451.79,42532.68,,,,
2022-03-04,39137.61,43083.53,,,,
2022-03-05,39400.59,41099.03,,,,
2022-03-06,38419.98,41446.85,,,,
2022-03-07,38062.04,40378.36,,,,
2022-03-08,38737.27,39787.27,,,,
2022-03-09,41982.93,39469.38,,,,
2022-03-10,39437.46,41943.11,,,,
2022-03-11,38794.97,40159.72,,,,
2022-03-12,38904.01,40282.13,,,,
2022-03-13,37849.66,39513.58,,,,
2022-03-14,39666.75,39493.48,,,,
2022-03-15,39338.79,39709.84,,,,
2022-03-16,41143.93,40546.76,,,,
2022-03-17,40951.38,41004.21,,,,
2022-03-18,41801.16,41831.78,,,,
2022-03-19,42190.65,41990.21,,,,
2022-03-20,41247.82,43008.11,,,,
2022-03-21,41078.0,42452.6,,,,
2022-03-22,42358.81,42721.47,,,,
2022-03-23,42892.96,42888.85,,,,
2022-03-24,43960.93,43930.87,,,,
2022-03-25,44348.73,44028.12,,,,
2022-03-26,44500.83,44941.43,,,,
2022-03-27,46820.49,44701.68,,,,
2022-03-28,47128.0,46097.93,,,,
2022-03-29,47465.73,46313.47,,,,
2022-03-30,47062.66,47345.25,,,,
2022-03-31,45538.68,47626.18,,,,
2022-04-01,46281.64,46640.83,,,,
2022-04-02,45868.95,46844.61,,,,
2022-04-03,46453.57,46327.14,,,,
2022-04-04,46622.68,46314.06,,,,
2022-04-05,45555.99,46708.6,,,,
2022-04-06,43206.74,44977.92,,,,
2022-04-07,43503.85,43272.63,,,,
2022-04-08,42287.66,42791.49,,,,
2022-04-09,42782.14,42312.77,,,,
2022-04-10,42207.67,41256.84,,,,
2022-04-11,39521.9,41446.97,,,,
2022-04-12,40127.18,39601.06,,,,
2022-04-13,41166.73,39538.65,,,,
2022-04-14,39935.52,39591.28,,,,
2022-04-15,40553.46,39289.71,,,,
2022-04-16,40424.48,38737.52,,,,
2022-04-17,39716.95,39381.38,,,,
2022-04-18,40826.21,38762.19,,,,
2022-04-19,41502.75,39695.39,,,,
2022-04-20,41374.38,39784.29,,,,
2022-04-21,40527.36,40579.19,,,,
2022-04-22,39740.32,39613.91,,,,
2022-04-23,39486.73,39522.9,,,,
2022-04-24,39469.29,38887.28,,,,
2022-04-25,40458.31,39287.69,,,,
2022-04-26,38117.46,40405.65,,,,
2022-04-27,39241.12,38133.54,,,,
2022-04-28,39773.83,38941.7,,,,
2022-04-29,38609.82,39234.45,,,,
2022-04-30,37714.88,38213.62,,,,
2022-05-01,38469.09,37702.16,,,,
2022-05-02,38529.33,38085.99,,,,
2022-05-03,37750.45,37504.96,,,,
2022-05-04,39698.37,37351.63,,,,
2022-05-05,36575.14,38078.72,,,,
2022-05-06,36040.92,36320.04,,,,
2022-05-07,35501.95,35536.72,,,,
2022-05-08,34059.27,35031.17,,,,
2022-05-09,30296.95,33633.41,,,,
2022-05-10,31022.91,31457.02,,,,
2022-05-11,28936.36,30340.89,,,,
2022-05-12,29047.75,29544.51,,,,
2022-05-13,29283.1,29002.08,,,,
2022-05-14,30101.27,29628.18,,,,
2022-05-15,31305.11,29385.44,,,,
2022-05-16,29862.92,30369.3,,,,
2022-05-17,30425.86,29710.25,,,,
2022-05-18,28720.27,30502.11,,,,
2022-05-19,30314.33,29740.08,,,,
2022-05-20,29200.74,30742.49,,,,
2022-05-21,29432.23,29832.62,,,,
2022-05-22,30323.72,30439.4,,,,
2022-05-23,29098.91,30271.14,,,,
2022-05-24,29655.59,30428.16,,,,
2022-05-25,29562.36,30104.01,,,,
2022-05-26,29267.22,30634.4,,,,
2022-05-27,28627.57,29868.44,,,,
2022-05-28,28814.9,30087.36,,,,
2022-05-29,29445.96,29452.18,,,,
2022-05-30,31726.39,29691.08,,,,
2022-05-31,31792.31,30412.75,,,,
2022-06-01,29799.08,30698.07,,,,
2022-06-02,30467.49,29703.27,,,,
2022-06-03,29704.39,29626.86,,,,
2022-06-04,29832.91,29182.3,,,,
2022-06-05,29906.66,28673.85,,,,
2022-06-06,31370.67,28301.24,,,,
2022-06-07,31155.48,29143.2,,,,
2022-06-08,30214.36,28413.09,,,,
2022-06-09,30112.0,27710.96,,,,
2022-06-10,29083.8,27490.33,,,,
2022-06-11,28360.81,27227.6,,,,
2022-06-12,26762.65,26919.9,,,,
2022-06-13,22487.39,26453.05,,,,
2022-06-14,22206.79,24661.51,,,,
2022-06-15,22572.84,23550.92,,,,
2022-06-16,20381.65,22969.13,,,,
2022-06-17,20471.48,21886.77,,,,
2022-06-18,19017.64,21568.88,,,,
2022-06-19,20553.27,21277.37,,,,
2022-06-20,20599.54,21698.79,,,,
2022-06-21,20710.6,21533.87,,,,
2022-06-22,19987.03,21723.47,,,,
2022-06-23,21085.88,21479.75,,,,
2022-06-24,21231.66,21722.4,,,,
2022-06-25,21502.34,21620.76,,,,
2022-06-26,21027.29,21574.16,,,,
2022-06-27,20735.48,21218.87,,,,
2022-06-28,20280.63,21186.68,,,,
2022-06-29,20104.02,20996.4,,,,
2022-06-30,19784.73,21127.41,,,,
2022-07-01,19269.37,20900.43,,,,
2022-07-02,19242.26,20697.74,,,,
2022-07-03,19297.08,20730.93,,,,
2022-07-04,20231.26,20514.92,,,,
2022-07-05,20190.12,20787.46,,,,
2022-07-06,20548.25,20970.24,,,,
2022-07-07,21637.59,21030.88,,,,
2022-07-08,21731.12,21579.14,,,,
2022-07-09,21592.21,21585.75,,,,
2022-07-10,20860.45,21602.68,,,,
2022-07-11,19970.56,20446.02,,,,
2022-07-12,19323.91,20357.1,,,,
2022-07-13,20212.07,19778.91,,,,
2022-07-14,20569.92,20554.49,,,,
2022-07-15,20836.33,20566.83,,,,
2022-07-16,21190.32,20995.99,,,,
2022-07-17,20779.34,20820.66,,,,
2022-07-18,22485.69,20778.48,,,,
2022-07-19,23389.43,21434.1,,,,
2022-07-20,23231.73,22595.04,,,,
2022-07-21,23164.63,22101.71,,,,
2022-07-22,22714.98,22342.01,,,,
2022-07-23,22465.48,21837.11,,,,
2022-07-24,22609.16,22054.51,,,,
2022-07-25,21361.7,21777.88,,,,
2022-07-26,21239.75,21655.63,,,,
2022-07-27,22930.55,21256.91,,,,
2022-07-28,23843.89,22515.67,,,,
2022-07-29,23804.63,22727.89,,,,
2022-07-30,23656.21,22991.92,,,,
2022-07-31,23336.9,22567.05,,,,
2022-08-01,23314.2,23011.3,,,,
2022-08-02,22978.12,22355.29,,,,
2022-08-03,22846.51,22268.9,,,,
2022-08-04,22630.96,22070.73,,,,
2022-08-05,23289.31,21876.97,,,,
2022-08-06,22961.28,22344.73,,,,
2022-08-07,23175.89,22146.63,,,,
2022-08-08,23809.49,22038.88,,,,
2022-08-09,23164.32,22872.86,,,,
2022-08-10,23947.64,22609.97,,,,
2022-08-11,23957.53,22809.67,,,,
2022-08-12,24402.82,23087.74,,,,
2022-08-13,24424.07,23024.62,,,,
2022-08-14,24319.33,23168.07,,,,
2022-08-15,24136.97,22939.13,,,,
2022-08-16,23883.29,22923.03,,,,
2022-08-17,23336.0,22495.67,,,,
2022-08-18,23212.74,22271.83,,,,
2022-08-19,20877.55,21961.9,,,,
2022-08-20,21166.06,20967.92,,,,
2022-08-21,21534.12,20976.49,,,,
2022-08-22,21398.91,20961.82,,,,
2022-08-23,21528.09,20765.27,,,,
2022-08-24,21395.02,20725.67,,,,
2022-08-25,21600.9,20513.86,,,,
2022-08-26,20260.02,20558.14,,,,
2022-08-27,20041.74,20070.31,,,,
2022-08-28,19616.81,19950.42,,,,
2022-08-29,20297.99,19860.49,,,,
2022-08-30,19796.81,20078.93,,,,
2022-08-31,20049.76,19935.71,,,,
2022-09-01,20127.14,20069.2,,,,
2022-09-02,19969.77,20088.53,,,,
2022-09-03,19832.09,20116.62,,,,
2022-09-04,19986.71,19982.12,,,,
2022-09-05,19812.37,20002.44,,,,
2022-09-06,18837.67,19971.07,,,,
2022-09-07,19290.32,19810.95,,,,
2022-09-08,19329.83,19854.85,,,,
2022-09-09,21381.15,19856.83,,,,
2022-09-10,21680.54,20570.91,,,,
2022-09-11,21769.26,21014.1,,,,
2022-09-12,22370.45,20959.59,,,,
2022-09-13,20296.71,21801.79,,,,
2022-09-14,20241.09,20610.0,,,,
2022-09-15,19701.21,20714.53,,,,
2022-09-16,19772.58,20270.46,,,,
2022-09-17,20127.58,20271.26,,,,
2022-09-18,19419.51,20153.37,,,,
2022-09-19,19544.13,20105.29,,,,
2022-09-20,18890.79,20110.06,,,,
2022-09-21,18547.4,19974.59,,,,
2022-09-22,19413.55,19832.75,,,,
2022-09-23,19297.64,20176.72,,,,
2022-09-24,18937.01,19898.15,,,,
2022-09-25,18802.1,19848.92,,,,
2022-09-26,19222.67,19692.81,,,,
2022-09-27,19110.55,19776.16,,,,
2022-09-28,19426.72,19624.72,,,,
2022-09-29,19573.05,19835.13,,,,
2022-09-30,19431.79,19742.41,,,,
2022-10-01,19312.1,19836.56,,,,
2022-10-02,19044.11,19759.59,,,,
2022-10-03,19623.58,19785.15,,,,
2022-10-04,20336.84,19729.73,,,,
2022-10-05,20160.72,20429.51,,,,
2022-10-06,19955.44,20117.1,,,,
2022-10-07,19546.85,19811.86,,,,
2022-10-08,19416.57,19557.03,,,,
2022-10-09,19446.43,19643.16,,,,
2022-10-10,19141.48,19537.57,,,,
2022-10-11,19051.42,19246.19,,,,
2022-10-12,19157.45,19324.55,,,,
2022-10-13,19382.9,19149.87,,,,
2022-10-14,19185.66,19317.57,,,,
2022-10-15,19067.63,19164.67,,,,
2022-10-16,19268.09,19183.59,,,,
2022-10-17,19550.76,19303.9,,,,
2022-10-18,19334.42,19272.71,,,,
2022-10-19,19139.54,18964.05,,,,
2022-10-20,19053.74,19063.67,,,,
2022-10-21,19172.47,18885.83,,,,
2022-10-22,19208.19,19069.64,,,,
2022-10-23,19567.01,19028.91,,,,
2022-10-24,19345.57,19326.23,,,,
2022-10-25,20095.86,19199.73,,,,
2022-10-26,20770.44,19778.27,,,,
2022-10-27,20285.84,20468.21,,,,
2022-10-28,20595.35,20092.93,,,,
2022-10-29,20818.48,20401.45,,,,
2022-10-30,20635.6,20562.11,,,,
2022-10-31,20495.77,20490.83,,,,
2022-11-01,20485.27,20092.39,,,,
2022-11-02,20159.5,20348.9,,,,
2022-11-03,20209.99,20059.37,,,,
2022-11-04,21147.23,20195.5,,,,
2022-11-05,21282.69,20481.39,,,,
2022-11-06,20926.49,20797.26,,,,
2022-11-07,20602.82,20132.65,,,,
2022-11-08,18541.27,20262.16,,,,
2022-11-09,15880.78,19304.49,,,,
2022-11-10,17586.77,18395.38,,,,
2022-11-11,17034.29,18106.89,,,,
2022-11-12,16799.19,17528.64,,,,
2022-11-13,16353.37,17429.15,,,,
2022-11-14,16618.2,17265.32,,,,
2022-11-15,16884.61,17491.14,,,,
2022-11-16,16669.44,17548.54,,,,
2022-11-17,16687.52,17511.97,,,,
2022-11-18,16697.78,17624.09,,,,
2022-11-19,16711.55,17719.08,,,,
2022-11-20,16291.83,17793.3,,,,
2022-11-21,15787.28,17801.31,,,,
2022-11-22,16189.77,17814.34,,,,
2022-11-23,16610.71,17922.18,,,,
2022-11-24,16604.46,18103.24,,,,
2022-11-25,16521.84,18094.02,,,,
2022-11-26,16464.28,18010.09,,,,
2022-11-27,16444.63,18164.85,,,,
2022-11-28,16217.32,18084.76,,,,
2022-11-29,16444.98,18216.99,,,,
2022-11-30,17168.57,18056.34,,,,
2022-12-01,16967.13,18695.86,,,,
2022-12-02,17088.66,18240.89,,,,
2022-12-03,16908.24,18381.94,,,,
2022-12-04,17130.49,18073.03,,,,
2022-12-05,16974.83,18349.25,,,,
2022-12-06,17089.5,18053.67,,,,
2022-12-07,16848.13,18146.5,,,,
2022-12-08,17233.47,17861.75,,,,
2022-12-09,17133.15,18245.08,,,,
2022-12-10,17128.72,18257.44,,,,
2022-12-11,17104.19,18196.05,,,,
2022-12-12,17206.44,18219.39,,,,
2022-12-13,17781.32,18301.1,,,,
2022-12-14,17815.65,18624.47,,,,
2022-12-15,17364.87,18648.16,,,,
2022-12-16,16647.48,18322.03,,,,
2022-12-17,16795.09,18183.94,,,,
2022-12-18,16757.98,18227.3,,,,
2022-12-19,16439.68,18165.12,,,,
2022-12-20,16906.3,18188.7,,,,
2022-12-21,16817.54,18261.13,,,,
2022-12-22,16830.34,18365.46,,,,
2022-12-23,16796.95,18426.81,,,,
2022-12-24,16847.76,18450.87,,,,
2022-12-25,16841.99,18523.13,,,,
2022-12-26,16919.8,18625.79,,,,
2022-12-27,16717.17,18741.97,,,,
2022-12-28,16552.57,18629.33,,,,
2022-12-29,16642.34,18685.31,,,,
2022-12-30,16602.59,18828.58,,,,
2022-12-31,16547.5,18889.9,,,,
2023-01-01,16625.08,18888.62,,,,
2023-01-02,16688.47,19008.97,,,,
2023-01-03,16679.86,19102.8,,,,
2023-01-04,16863.24,19028.39,,,,
2023-01-05,16836.74,19193.58,,,,
2023-01-06,16951.97,19033.87,,,,
2023-01-07,16955.08,19133.53,,,,
2023-01-08,17091.14,19039.67,,,,
2023-01-09,17196.55,19187.29,,,,
2023-01-10,17446.29,19221.88,,,,
2023-01-11,17934.9,19533.67,,,,
2023-01-12,18869.59,19983.42,,,,
2023-01-13,19909.57,20719.78,,,,
2023-01-14,20976.3,21534.09,,,,
2023-01-15,20880.8,22324.23,,,,
2023-01-16,21169.63,22259.98,,,,
2023-01-17,21161.52,22682.48,,,,
2023-01-18,20688.78,22863.88,,,,
2023-01-19,21086.79,22897.67,,,,
2023-01-20,22676.55,23083.04,,,,
2023-01-21,22777.62,23609.79,,,,
2023-01-22,22720.42,23676.39,,,,
2023-01-23,22934.43,23649.22,,,,
2023-01-24,22636.47,23884.85,,,,
2023-01-25,23117.86,23930.05,,,,
2023-01-26,23032.78,24073.21,,,,
2023-01-27,23078.73,24113.07,,,,
2023-01-28,23031.09,24088.29,,,,
2023-01-29,23774.57,24121.47,,,,
2023-01-30,22840.14,24483.82,,,,
2023-01-31,23139.28,24189.57,,,,
2023-02-01,23723.77,24275.2,,,,
2023-02-02,23471.87,24604.39,,,,
2023-02-03,23449.32,24512.91,,,,
2023-02-04,23331.85,24345.09,,,,
2023-02-05,22955.67,24434.65,,,,
2023-02-06,22760.11,24288.11,,,,
2023-02-07,23264.29,24263.27,,,,
2023-02-08,22939.4,24450.24,,,,
2023-02-09,21819.04,24345.15,,,,
2023-02-10,21651.18,23834.31,,,,
2023-02-11,21870.88,23712.96,,,,
2023-02-12,21788.2,23387.2,,,,
2023-02-13,21808.1,23348.85,,,,
2023-02-14,22220.8,23125.21,,,,
2023-02-15,24307.84,23264.8,,,,
2023-02-16,23623.47,24374.77,,,,
2023-02-17,24565.6,24267.79,,,,
2023-02-18,24641.28,24386.76,,,,
2023-02-19,24327.64,24995.17,,,,
2023-02-20,24829.15,24437.52,,,,
2023-02-21,24436.35,24977.36,,,,
2023-02-22,24188.84,24687.12,,,,
2023-02-23,23947.49,24425.32,,,,
2023-02-24,23198.13,24280.64,,,,
2023-02-25,23175.38,23914.33,,,,
2023-02-26,23561.21,23645.03,,,,
2023-02-27,23522.87,23810.92,,,,
2023-02-28,23147.35,23700.4,,,,
2023-03-01,23646.55,23370.2,,,,
2023-03-02,23475.47,23193.93,,,,
2023-03-03,22362.68,23466.52,,,,
2023-03-04,22353.35,22790.27,,,,
2023-03-05,22435.51,22995.03,,,,
2023-03-06,22429.76,22910.15,,,,
2023-03-07,22219.77,23037.1,,,,
2023-03-08,21718.08,22886.59,,,,
2023-03-09,20363.02,23017.85,,,,
2023-03-10,20187.24,22652.32,,,,
2023-03-11,20632.41,22765.0,,,,
2023-03-12,22163.95,22765.45,,,,
2023-03-13,24197.53,23243.31,,,,
2023-03-14,24746.07,24483.17,,,,
2023-03-15,24375.96,25015.13,,,,
2023-03-16,25052.79,24860.11,,,,
2023-03-17,27423.93,25623.0,,,,
2023-03-18,26965.88,26566.44,,,,
2023-03-19,28038.68,26471.15,,,,
2023-03-20,27767.24,26969.03,,,,
2023-03-21,28175.82,26988.73,,,,
2023-03-22,27307.44,27194.52,,,,
2023-03-23,28333.97,26707.05,,,,
2023-03-24,27493.29,27063.59,,,,
2023-03-25,27494.71,26618.71,,,,
2023-03-26,27994.33,26620.32,,,,
2023-03-27,27139.89,26532.74,,,,
2023-03-28,27268.13,26542.14,,,,
2023-03-29,28348.44,26288.98,,,,
2023-03-30,28033.56,26987.67,,,,
2023-03-31,28478.48,26691.05,,,,
2023-04-01,28411.04,26889.71,,,,
2023-04-02,28199.31,26817.34,,,,
2023-04-03,27790.22,26896.53,,,,
2023-04-04,28168.09,26951.37,,,,
2023-04-05,28177.98,27104.1,,,,
2023-04-06,28044.14,27317.92,,,,
2023-04-07,27925.86,27179.84,,,,
2023-04-08,27947.79,27429.01,,,,
2023-04-09,28333.05,27300.88,,,,
2023-04-10,29652.98,27757.36,,,,
2023-04-11,30235.06,28097.24,,,,
2023-04-12,30139.05,28444.2,,,,
2023-04-13,30399.07,28355.12,,,,
2023-04-14,30485.7,29311.82,,,,
2023-04-15,30318.5,28894.46,,,,
2023-04-16,30315.36,29392.08,,,,
2023-04-17,29445.04,29047.84,,,,
2023-04-18,30397.55,29087.11,,,,
2023-04-19,28822.68,29450.64,,,,
2023-04-20,28245.99,28526.61,,,,
2023-04-21,27276.91,27921.66,,,,
2023-04-22,27817.5,27904.54,,,,
2023-04-23,27591.38,27467.22,,,,
2023-04-24,27525.34,27596.6,,,,
2023-04-25,28307.6,27376.23,,,,
2023-04-26,28422.7,27813.29,,,,
2023-04-27,29473.79,27631.14,,,,
2023-04-28,29340.26,28119.88,,,,
2023-04-29,29248.49,28000.49,,,,
2023-04-30,29268.81,27706.3,,,,
2023-05-01,28091.57,27761.99,,,,
2023-05-02,28680.54,27483.9,,,,
2023-05-03,29006.31,27438.21,,,,
2023-05-04,28847.71,27800.7,,,,
2023-05-05,29534.38,27705.15,,,,
2023-05-06,28904.62,28419.5,,,,
2023-05-07,28454.98,28071.84,,,,
2023-05-08,27694.27,27911.72,,,,
2023-05-09,27658.78,27533.04,,,,
2023-05-10,27621.76,27636.92,,,,
2023-05-11,27000.79,27377.53,,,,
2023-05-12,26804.99,27140.05,,,,
2023-05-13,26784.08,26984.7,,,,
2023-05-14,26930.64,27131.51,,,,
2023-05-15,27192.69,26891.79,,,,
2023-05-16,27036.65,27239.92,,,,
2023-05-17,27398.8,26734.78,,,,
2023-05-18,26832.21,27115.81,,,,
2023-05-19,26890.13,26700.18,,,,
2023-05-20,27129.59,26740.46,,,,
2023-05-21,26753.83,26725.69,,,,
2023-05-22,26851.28,26647.11,,,,
2023-05-23,27225.73,26680.23,,,,
2023-05-24,26334.82,26651.31,,,,
2023-05-25,26476.21,26544.11,,,,
2023-05-26,26719.29,26552.92,,,,
2023-05-27,26868.35,26607.53,,,,
2023-05-28,28085.65,26642.07,,,,
2023-05-29,27745.88,27174.71,,,,
2023-05-30,27702.35,27094.7,,,,
2023-05-31,27219.66,27025.37,,,,
2023-06-01,26819.97,26783.13,,,,
2023-06-02,27249.59,26735.4,,,,
2023-06-03,27075.13,26735.7,,,,
2023-06-04,27119.07,26686.35,,,,
2023-06-05,25760.1,26679.71,,,,
2023-06-06,27238.78,26446.91,,,,
2023-06-07,26346.0,26811.02,,,,
2023-06-08,26508.22,26690.08,,,,
2023-06-09,26480.38,26596.97,,,,
2023-06-10,25851.24,26566.52,,,,
2023-06-11,25940.17,26435.97,,,,
2023-06-12,25902.5,26515.87,,,,
2023-06-13,25918.73,26633.11,,,,
2023-06-14,25124.68,26757.22,,,,
2023-06-15,25576.39,26577.55,,,,
2023-06-16,26327.46,26812.78,,,,
2023-06-17,26510.68,26956.48,,,,
2023-06-18,26336.21,26937.76,,,,
2023-06-19,26851.03,26878.99,,,,
2023-06-20,28327.49,27264.27,,,,
2023-06-21,30027.3,27919.0,,,,
2023-06-22,29912.28,28715.4,,,,
2023-06-23,30695.47,28515.87,,,,
2023-06-24,30548.7,28975.51,,,,
2023-06-25,30480.26,29393.69,,,,
2023-06-26,30271.13,29107.73,,,,
2023-06-27,30688.16,29507.9,,,,
2023-06-28,30086.25,29629.43,,,,
2023-06-29,30445.35,29447.3,,,,
2023-06-30,30477.25,29293.74,,,,
2023-07-01,30590.08,29551.21,,,,
2023-07-02,30620.77,29400.7,,,,
2023-07-03,31156.44,29575.82,,,,
2023-07-04,30777.58,30003.71,,,,
2023-07-05,30514.17,29603.81,,,,
2023-07-06,29909.34,29590.82,,,,
2023-07-07,30342.27,29564.64,,,,
2023-07-08,30292.54,29578.28,,,,
2023-07-09,30171.23,29685.6,,,,
2023-07-10,30414.47,29689.51,,,,
2023-07-11,30620.95,30029.36,,,,
2023-07-12,30391.65,30155.68,,,,
2023-07-13,31476.05,30447.06,,,,
2023-07-14,30334.07,30737.59,,,,
2023-07-15,30295.81,30511.66,,,,
2023-07-16,30249.13,30451.07,,,,
2023-07-17,30145.89,30403.82,,,,
2023-07-18,29856.56,30299.44,,,,
2023-07-19,29913.92,30414.11,,,,
2023-07-20,29792.02,30064.21,,,,
2023-07-21,29908.74,30236.98,,,,
2023-07-22,29771.8,29736.08,,,,
2023-07-23,30084.54,29899.14,,,,
2023-07-24,29176.92,29686.2,,,,
2023-07-25,29227.39,29576.27,,,,
2023-07-26,29354.97,29435.23,,,,
2023-07-27,29210.69,29519.78,,,,
2023-07-28,29319.25,29142.66,,,,
2023-07-29,29356.92,29388.95,,,,
2023-07-30,29275.31,29011.27,,,,
2023-07-31,29230.11,29117.26,,,,
2023-08-01,29675.73,28953.12,,,,
2023-08-02,29151.96,29234.91,,,,
2023-08-03,29178.68,28809.06,,,,
2023-08-04,29074.09,29008.61,,,,
2023-08-05,29042.13,28688.53,,,,
2023-08-06,29041.86,28782.7,,,,
2023-08-07,29180.58,28553.53,,,,
2023-08-08,29765.49,28869.17,,,,
2023-08-09,29561.49,28950.54,,,,
2023-08-10,29429.59,29051.74,,,,
2023-08-11,29397.71,28888.78,,,,
2023-08-12,29415.96,28914.42,,,,
2023-08-13,29282.91,28818.89,,,,
2023-08-14,29408.44,28812.93,,,,
2023-08-15,29170.35,28967.99,,,,
2023-08-16,28701.78,28803.66,,,,
2023-08-17,26664.55,28874.66,,,,
2023-08-18,26049.56,28543.04,,,,
2023-08-19,26096.21,28629.0,,,,
2023-08-20,26189.58,28536.82,,,,
2023-08-21,26124.14,28521.64,,,,
2023-08-22,26031.66,28639.62,,,,
2023-08-23,26431.64,28583.52,,,,
2023-08-24,26162.37,28848.4,,,,
2023-08-25,26047.67,28679.33,,,,
2023-08-26,26008.46,28672.6,,,,
2023-08-27,26089.69,28646.95,,,,
2023-08-28,26106.15,28662.94,,,,
2023-08-29,27727.39,28468.44,,,,
2023-08-30,27297.27,28981.02,,,,
2023-08-31,25931.47,29000.97,,,,
2023-09-01,25800.72,28540.69,,,,
2023-09-02,25868.8,28367.73,,,,
2023-09-03,25969.57,28305.55,,,,
2023-09-04,25812.42,28108.39,,,,
2023-09-05,25779.98,28039.9,,,,
2023-09-06,25753.24,28128.85,,,,
2023-09-07,26240.2,28184.69,,,,
2023-09-08,25905.65,28215.98,,,,
2023-09-09,25895.68,28032.42,,,,
2023-09-10,25832.23,27942.63,,,,
2023-09-11,25162.65,27962.92,,,,
2023-09-12,25833.34,27719.27,,,,
2023-09-13,26228.32,27737.45,,,,
2023-09-14,26539.67,27825.85,,,,
2023-09-15,26608.69,27935.21,,,,
2023-09-16,26568.28,27639.45,,,,
2023-09-17,26534.19,27455.22,,,,
2023-09-18,26754.28,27412.97,,,,
2023-09-19,27211.12,27775.2,,,,
2023-09-20,27132.01,28043.31,,,,
2023-09-21,26567.63,27785.59,,,,
2023-09-22,26579.57,27324.7,,,,
2023-09-23,26579.39,27427.85,,,,
2023-09-24,26256.83,27320.32,,,,
2023-09-25,26298.48,27303.61,,,,
2023-09-26,26217.25,27619.99,,,,
2023-09-27,26352.72,27448.89,,,,
2023-09-28,27021.55,27792.2,,,,
2023-09-29,26911.72,28452.15,,,,
2023-09-30,26967.92,28135.88,,,,
2023-10-01,27983.75,28134.55,,,,
2023-10-02,27530.79,28862.46,,,,
2023-10-03,27429.98,28603.12,,,,
2023-10-04,27799.39,28388.77,,,,
2023-10-05,27415.91,28592.74,,,,
2023-10-06,27946.6,28284.82,,,,
2023-10-07,27968.84,28720.5,,,,
2023-10-08,27935.09,28646.89,,,,
2023-10-09,27583.68,28759.4,,,,
2023-10-10,27391.02,28730.86,,,,
2023-10-11,26873.32,28710.26,,,,
2023-10-12,26756.8,28351.18,,,,
2023-10-13,26862.38,28527.82,,,,
2023-10-14,26861.71,28798.63,,,,
2023-10-15,27159.65,28820.22,,,,
2023-10-16,28519.47,28797.32,,,,
2023-10-17,28415.75,29866.11,,,,
2023-10-18,28328.34,30011.05,,,,
2023-10-19,28719.81,29846.35,,,,
2023-10-20,29682.95,30480.46,,,,
2023-10-21,29918.41,30856.96,,,,
2023-10-22,29993.9,31393.7,,,,
2023-10-23,33086.23,31125.07,,,,
2023-10-24,33901.53,33054.76,,,,
2023-10-25,34502.82,33438.44,,,,
2023-10-26,34156.65,33504.5,,,,
2023-10-27,33909.8,33911.43,,,,
2023-10-28,34089.57,34061.23,,,,
2023-10-29,34538.48,34431.53,,,,
2023-10-30,34502.36,34584.58,,,,
2023-10-31,34667.78,34972.65,,,,
2023-11-01,35437.25,35078.01,,,,
2023-11-02,34938.24,35390.98,,,,
2023-11-03,34732.32,35427.25,,,,
2023-11-04,35082.2,35306.39,,,,
2023-11-05,35049.36,35574.9,,,,
2023-11-06,35037.37,35608.21,,,,
2023-11-07,35443.56,35648.14,,,,
2023-11-08,35655.28,35889.04,,,,
2023-11-09,36693.12,36107.29,,,,
2023-11-10,37313.97,36464.08,,,,
2023-11-11,37138.05,37263.71,,,,
2023-11-12,37054.52,36693.11,,,,
2023-11-13,36502.36,36818.45,,,,
2023-11-14,35537.64,36691.59,,,,
2023-11-15,37880.58,36273.12,,,,
2023-11-16,36154.77,37939.26,,,,
2023-11-17,36596.68,37033.98,,,,
2023-11-18,36585.7,36718.42,,,,
2023-11-19,37386.55,36945.77,,,,
2023-11-20,37476.96,36904.95,,,,
2023-11-21,35813.81,37263.36,,,,
2023-11-22,37432.34,36000.71,,,,
2023-11-23,37289.62,36698.49,,,,
2023-11-24,37720.28,36565.68,,,,
2023-11-25,37796.79,36286.09,,,,
2023-11-26,37479.12,36285.92,,,,
2023-11-27,37254.17,36140.46,,,,
2023-11-28,37831.09,36326.19,,,,
2023-11-29,37858.49,36518.61,,,,
2023-11-30,37712.75,36342.44,,,,
2023-12-01,38688.75,36283.22,,,,
2023-12-02,39476.33,36801.4,,,,
2023-12-03,39978.39,37342.68,,,,
2023-12-04,41980.1,37528.62,,,,
2023-12-05,44080.65,39258.09,,,,
2023-12-06,43746.45,41556.46,,,,
2023-12-07,43292.66,41360.87,,,,
2023-12-08,44166.6,41410.58,,,,
2023-12-09,43725.98,42320.65,,,,
2023-12-10,43779.7,42597.44,,,,
2023-12-11,41243.83,42498.16,,,,
2023-12-12,41450.22,41502.84,,,,
2023-12-13,42890.74,41948.16,,,,
2023-12-14,43023.97,42595.74,,,,
2023-12-15,41929.76,42993.2,,,,
2023-12-16,42240.12,41692.27,,,,
2023-12-17,41364.66,42062.45,,,,
2023-12-18,42623.54,41578.94,,,,
2023-12-19,42270.53,42286.95,,,,
2023-12-20,43652.25,41918.31,,,,
2023-12-21,43869.15,42472.0,,,,
2023-12-22,43997.9,42692.86,,,,
2023-12-23,43739.54,42648.16,,,,
2023-12-24,43016.12,42340.34,,,,
2023-12-25,43613.14,42115.58,,,,
2023-12-26,42520.4,43061.42,,,,
2023-12-27,43442.86,42352.59,,,,
2023-12-28,42627.86,42486.76,,,,
2023-12-29,42099.4,41848.85,,,,
2023-12-30,42156.9,41390.26,,,,
2023-12-31,42265.19,40907.96,,,,
2024-01-01,44167.33,41069.96,,,,
2024-01-02,44957.97,41765.18,,,,
2024-01-03,42848.18,42349.8,,,,
2024-01-04,44179.92,41001.96,,,,
2024-01-05,44162.69,41543.43,,,,
2024-01-06,43989.2,41474.84,,,,
2024-01-07,43943.1,40822.34,,,,
2024-01-08,46970.5,40728.91,,,,
2024-01-09,46139.73,42834.84,,,,
2024-01-10,46627.78,42732.29,,,,
2024-01-11,46368.59,42326.87,,,,
2024-01-12,42853.17,43004.68,,,,
2024-01-13,42842.38,40904.7,,,,
2024-01-14,41796.27,40918.78,,,,
2024-01-15,42511.97,40407.56,,,,
2024-01-16,43154.95,40361.93,,,,
2024-01-17,42742.65,40594.9,,,,
2024-01-18,41262.06,40779.57,,,,
2024-01-19,41618.41,39932.66,,,,
2024-01-20,41665.59,40652.7,,,,
2024-01-21,41545.79,40377.24,,,,
2024-01-22,39507.37,40541.7,,,,
2024-01-23,39845.55,39435.57,,,,
2024-01-24,40077.07,40351.97,,,,
2024-01-25,39933.81,39678.39,,,,
2024-01-26,41816.87,40036.15,,,,
2024-01-27,42120.05,40238.13,,,,
2024-01-28,42035.59,40446.67,,,,
2024-01-29,43288.25,40469.92,,,,
2024-01-30,42952.61,41521.38,,,,
2024-01-31,42582.61,41405.31,,,,
2024-02-01,43075.77,41503.99,,,,
2024-02-02,43185.86,41662.15,,,,
2024-02-03,42992.25,41964.19,,,,
2024-02-04,42583.58,41475.93,,,,
2024-02-05,42658.67,41552.62,,,,
2024-02-06,43084.67,42326.19,,,,
2024-02-07,44318.22,42801.99,,,,
2024-02-08,45301.57,43702.19,,,,
2024-02-09,47147.2,44612.23,,,,
2024-02-10,47771.28,45776.02,,,,
2024-02-11,48293.92,46088.16,,,,
2024-02-12,49958.22,46704.22,,,,
2024-02-13,49742.44,48391.22,,,,
2024-02-14,51826.7,48679.18,,,,
2024-02-15,51938.55,49887.62,,,,
2024-02-16,52160.2,51146.0,,,,
2024-02-17,51663.0,51107.75,,,,
2024-02-18,52122.55,51389.55,,,,
2024-02-19,51779.14,52015.65,,,,
2024-02-20,52284.88,52805.64,,,,
2024-02-21,51839.18,52976.54,,,,
2024-02-22,51304.97,53594.9,,,,
2024-02-23,50731.95,53029.05,,,,
2024-02-24,51571.1,53198.02,,,,
2024-02-25,51733.24,53807.44,,,,
2024-02-26,54522.4,54142.73,,,,
2024-02-27,57085.37,55991.11,,,,
2024-02-28,62504.79,58400.99,,,,
2024-02-29,61198.38,61164.47,,,,
2024-03-01,62440.63,61584.6,,,,
2024-03-02,62029.85,62546.28,,,,
2024-03-03,63167.37,63131.93,,,,
2024-03-04,68330.41,63663.71,,,,
2024-03-05,63801.2,66474.31,,,,
2024-03-06,66106.8,65414.45,,,,
2024-03-07,66925.48,66419.38,,,,
2024-03-08,68300.09,67958.23,,,,
2024-03-09,68498.88,68320.79,,,,
2024-03-10,69019.79,68510.83,,,,
2024-03-11,72123.91,68646.65,,,,
2024-03-12,71481.29,70800.65,,,,
2024-03-13,73083.5,70719.07,,,,
2024-03-14,71396.59,71350.15,,,,
2024-03-15,69403.77,71046.77,,,,
2024-03-16,65315.12,70402.36,,,,
2024-03-17,68390.62,68373.13,,,,
2024-03-18,67548.59,68811.48,,,,
2024-03-19,61912.77,68597.57,,,,
2024-03-20,67913.67,65894.44,,,,
2024-03-21,65491.39,67830.63,,,,
2024-03-22,63778.76,67709.72,,,,
2024-03-23,64062.2,66375.95,,,,
2024-03-24,67234.17,66028.18,,,,
2024-03-25,69958.81,67398.97,,,,
2024-03-26,69987.84,68339.07,,,,
2024-03-27,69455.34,69113.53,,,,
2024-03-28,70744.95,67863.78,,,,
2024-03-29,69892.83,69210.13,,,,
2024-03-30,69645.3,68150.14,,,,
2024-03-31,71333.65,68239.68,,,,
2024-04-01,69702.15,68071.85,,,,
2024-04-02,65446.97,68209.72,,,,
2024-04-03,65980.81,65473.71,,,,
2024-04-04,68508.84,64924.3,,,,
2024-04-05,67837.64,65555.46,,,,
2024-04-06,68896.11,64916.66,,,,
2024-04-07,69362.55,64601.67,,,,
2024-04-08,71631.36,64738.06,,,,
2024-04-09,69139.02,65406.77,,,,
2024-04-10,70587.88,64270.98,,,,
2024-04-11,70060.61,64587.67,,,,
2024-04-12,67195.87,64255.58,,,,
2024-04-13,63821.47,63014.96,,,,
2024-04-14,65738.73,61324.19,,,,
2024-04-15,63426.21,61164.96,,,,
2024-04-16,63811.86,60376.97,,,,
2024-04-17,61276.69,59932.73,,,,
2024-04-18,63512.75,58685.59,,,,
2024-04-19,63843.57,59005.04,,,,
2024-04-20,64994.44,59788.03,,,,
2024-04-21,64926.64,59905.44,,,,
2024-04-22,66837.68,60140.87,,,,
2024-04-23,66407.27,60889.78,,,,
2024-04-24,64276.9,61244.21,,,,
2024-04-25,64481.71,60396.71,,,,
2024-04-26,63755.32,60184.5,,,,
2024-04-27,63419.14,60298.59,,,,
2024-04-28,63113.23,59927.71,,,,
2024-04-29,63841.12,59659.72,,,,
2024-04-30,60636.86,60284.55,,,,
2024-05-01,58254.01,59089.78,,,,
2024-05-02,59123.43,58079.82,,,,
2024-05-03,62889.84,57932.99,,,,
2024-05-04,63891.47,59023.27,,,,
2024-05-05,64031.13,59558.78,,,,
2024-05-06,63161.95,59551.04,,,,
2024-05-07,62334.82,59280.78,,,,
2024-05-08,61187.94,58888.07,,,,
2024-05-09,63049.96,58398.2,,,,
2024-05-10,60792.78,58763.65,,,,
2024-05-11,60793.71,57992.72,,,,
2024-05-12,61448.39,57386.56,,,,
2024-05-13,62901.45,56902.27,,,,
2024-05-14,61552.79,57665.81,,,,
2024-05-15,66267.49,57422.4,,,,
2024-05-16,65231.58,59933.66,,,,
2024-05-17,67051.88,59377.11,,,,
2024-05-18,66940.8,59981.37,,,,
2024-05-19,66278.37,60587.4,,,,
2024-05-20,71448.2,60117.09,,,,
2024-05-21,70136.53,63164.63,,,,
2024-05-22,69122.34,63376.03,,,,
2024-05-23,67929.56,63433.62,,,,
2024-05-24,68526.1,63253.02,,,,
2024-05-25,69265.95,63671.05,,,,
2024-05-26,68518.09,63590.54,,,,
2024-05-27,69394.55,63131.49,,,,
2024-05-28,68296.22,63652.17,,,,
2024-05-29,67578.09,63771.19,,,,
2024-05-30,68364.99,62725.34,,,,
2024-05-31,67491.41,63187.5,,,,
2024-06-01,67706.94,62345.75,,,,
2024-06-02,67751.6,62337.56,,,,
2024-06-03,68804.78,62201.56,,,,
2024-06-04,70567.77,62852.3,,,,
2024-06-05,71082.82,64112.53,,,,
2024-06-06,70757.16,64714.62,,,,
2024-06-07,69342.59,64600.22,,,,
2024-06-08,69305.77,63981.3,,,,
2024-06-09,69647.99,63220.73,,,,
2024-06-10,69512.28,63577.26,,,,
2024-06-11,67332.03,63068.11,,,,
2024-06-12,68241.19,62532.69,,,,
2024-06-13,66756.4,62364.15,,,,
2024-06-14,66011.09,61509.41,,,,
2024-06-15,66191.0,61015.77,,,,
2024-06-16,66639.05,60451.0,,,,
2024-06-17,66490.3,60544.0,,,,
2024-06-18,65140.75,60104.93,,,,
2024-06-19,64960.3,59277.73,,,,
2024-06-20,64828.66,59225.33,,,,
2024-06-21,64096.2,58612.04,,,,
2024-06-22,64252.58,58075.32,,,,
2024-06-23,63180.8,57592.66,,,,
2024-06-24,60277.41,57029.96,,,,
2024-06-25,61804.64,56397.2,,,,
2024-06-26,60811.28,56914.05,,,,
2024-06-27,61604.8,56473.85,,,,
2024-06-28,60320.14,56896.99,,,,
2024-06-29,60887.38,56613.57,,,,
2024-06-30,62678.29,56576.34,,,,
2024-07-01,62851.98,57143.69,,,,
2024-07-02,62029.02,57463.12,,,,
2024-07-03,60173.92,57262.73,,,,
2024-07-04,56977.7,56705.71,,,,
2024-07-05,56662.38,56186.03,,,,
2024-07-06,58303.54,56155.87,,,,
2024-07-07,55849.11,56694.78,,,,
2024-07-08,56705.1,55671.57,,,,
2024-07-09,58009.23,56122.62,,,,
2024-07-10,57742.5,57093.67,,,,
2024-07-11,57344.91,56691.15,,,,
2024-07-12,57899.46,56474.72,,,,
2024-07-13,59231.95,56572.11,,,,
2024-07-14,60787.79,57095.82,,,,
2024-07-15,64870.15,57349.42,,,,
2024-07-16,65097.15,60001.22,,,,
2024-07-17,64118.79,60356.01,,,,
2024-07-18,63974.07,59801.11,,,,
2024-07-19,66710.16,60275.75,,,,
2024-07-20,67163.65,61999.0,,,,
2024-07-21,68154.52,62258.8,,,,
2024-07-22,67585.25,63512.4,,,,
2024-07-23,65927.67,63421.72,,,,
2024-07-24,65372.13,61900.22,,,,
2024-07-25,65777.23,62247.61,,,,
2024-07-26,67912.06,62535.13,,,,
2024-07-27,67813.34,63761.95,,,,
2024-07-28,68255.87,63939.07,,,,
2024-07-29,66819.91,64207.39,,,,
2024-07-30,66201.02,63654.42,,,,
2024-07-31,64619.25,64108.75,,,,
2024-08-01,65357.5,62444.69,,,,
2024-08-02,61415.07,63189.14,,,,
2024-08-03,60680.09,59968.27,,,,
2024-08-04,58116.98,60107.56,,,,
2024-08-05,53991.46,58717.75,,,,
2024-08-06,56034.32,57649.97,,,,
2024-08-07,55027.46,56929.99,,,,
2024-08-08,61710.14,57151.6,,,,
2024-08-09,60880.11,59083.75,,,,
2024-08-10,60945.81,59878.74,,,,
2024-08-11,58719.48,59248.44,,,,
2024-08-12,59354.52,59024.15,,,,
2024-08-13,60609.57,58831.38,,,,
2024-08-14,58737.27,59631.96,,,,
2024-08-15,57560.1,58986.47,,,,
2024-08-16,58894.11,57875.5,,,,
2024-08-17,59478.97,58693.5,,,,
2024-08-18,58483.96,58116.46,,,,
2024-08-19,59493.45,57991.84,,,,
2024-08-20,59012.79,58227.41,,,,
2024-08-21,61175.19,58665.91,,,,
2024-08-22,60381.91,59359.91,,,,
2024-08-23,64094.36,58859.97,,,,
2024-08-24,64178.99,60313.23,,,,
2024-08-25,64333.54,61002.43,,,,
2024-08-26,62880.66,60729.19,,,,
2024-08-27,59504.13,60729.81,,,,
2024-08-28,59027.62,58584.75,,,,
2024-08-29,59388.18,58679.48,,,,
2024-08-30,59119.48,58333.47,,,,
2024-08-31,58969.9,57897.05,,,,
2024-09-01,57325.49,57078.97,,,,
2024-09-02,59112.48,56072.31,,,,
2024-09-03,57431.02,56816.49,,,,
2024-09-04,57971.54,55500.02,,,,
2024-09-05,56160.49,55703.13,,,,
2024-09-06,53948.75,54560.22,,,,
2024-09-07,54139.69,54193.63,,,,
2024-09-08,54841.57,54322.07,,,,
2024-09-09,57019.54,54671.74,,,,
2024-09-10,57648.71,54870.95,,,,
2024-09-11,57343.17,55634.31,,,,
2024-09-12,58127.01,55344.83,,,,
2024-09-13,60571.3,56181.91,,,,
2024-09-14,60005.12,56946.57,,,,
2024-09-15,59182.84,56878.01,,,,
2024-09-16,58192.51,56439.68,,,,
2024-09-17,60308.54,55915.02,,,,
2024-09-18,61649.68,57487.73,,,,
2024-09-19,62940.46,58114.77,,,,
2024-09-20,63192.98,58947.4,,,,
2024-09-21,63394.84,59586.74,,,,
2024-09-22,63648.71,59669.1,,,,
2024-09-23,63329.8,60386.85,,,,
2024-09-24,64301.97,60855.67,,,,
2024-09-25,63143.14,61590.65,,,,
2024-09-26,65181.02,60835.75,,,,
2024-09-27,65790.66,61782.14,,,,
2024-09-28,65887.65,62844.88,,,,
2024-09-29,65635.3,62379.29,,,,
2024-09-30,63329.5,63015.84,,,,
2024-10-01,60837.01,62144.4,,,,
2024-10-02,60632.79,61143.02,,,,
2024-10-03,60759.4,60660.73,,,,
2024-10-04,62067.48,60311.45,,,,
2024-10-05,62089.95,60449.85,,,,
2024-10-06,62818.95,59759.93,,,,
2024-10-07,62236.66,60157.23,,,,
2024-10-08,62131.97,60812.24,,,,
2024-10-09,60582.1,60757.78,,,,
2024-10-10,60274.5,60753.81,,,,
2024-10-11,62445.09,59757.44,,,,
2024-10-12,63193.02,60804.26,,,,
2024-10-13,62851.38,60661.51,,,,
2024-10-14,66046.12,60363.64,,,,
2024-10-15,67041.11,62751.97,,,,
2024-10-16,67612.72,64297.78,,,,
2024-10-17,67399.84,64811.06,,,,
2024-10-18,68418.79,64906.55,,,,
2024-10-19,68362.73,65263.73,,,,
2024-10-20,69001.7,65345.32,,,,
2024-10-21,67367.85,65477.27,,,,
2024-10-22,67361.41,65194.84,,,,
2024-10-23,66432.2,65165.87,,,,
2024-10-24,68161.05,64761.22,,,,
2024-10-25,66642.41,65373.55,,,,
2024-10-26,67014.7,64600.41,,,,
2024-10-27,67929.3,64328.79,,,,
2024-10-28,69907.76,64877.66,,,,
2024-10-29,72720.49,66604.75,,,,
2024-10-30,72339.54,68435.87,,,,
2024-10-31,70215.19,69242.36,,,,
2024-11-01,69482.47,67449.13,,,,
2024-11-02,69289.27,68016.21,,,,
2024-11-03,68741.12,67390.18,,,,
2024-11-04,67811.51,67376.06,,,,
2024-11-05,69359.56,67177.55,,,,
2024-11-06,75639.08,67963.03,,,,
2024-11-07,75904.86,72335.75,,,,
2024-11-08,76545.48,73636.78,,,,
2024-11-09,76778.87,74353.77,,,,
2024-11-10,80474.19,75249.67,,,,
2024-11-11,88701.48,78417.06,,,,
2024-11-12,87955.81,83079.61,,,,
2024-11-13,90584.16,84315.14,,,,
2024-11-14,87250.43,86545.02,,,,
2024-11-15,91066.01,86552.41,,,,
2024-11-16,90558.48,88225.63,,,,
2024-11-17,89845.85,89004.47,,,,
2024-11-18,90542.64,88290.02,,,,
2024-11-19,92343.79,90331.8,,,,
2024-11-20,94339.49,90805.46,,,,
2024-11-21,98504.73,92115.41,,,,
2024-11-22,98997.66,93391.28,,,,
2024-11-23,97777.28,94471.57,,,,
2024-11-24,98013.82,93460.2,,,,
2024-11-25,93102.3,94484.79,,,,
2024-11-26,91985.32,92009.59,,,,
2024-11-27,95962.53,92405.87,,,,
2024-11-28,95652.47,94043.02,,,,
2024-11-29,97461.52,94766.01,,,,
2024-11-30,96449.05,95063.88,,,,
2024-12-01,97279.79,95374.95,,,,
2024-12-02,95865.3,95655.66,,,,
2024-12-03,96002.16,95842.25,,,,
2024-12-04,98768.53,95380.05,,,,
2024-12-05,96593.57,96487.4,,,,
2024-12-06,99920.71,95674.74,,,,
2024-12-07,99923.34,97169.54,,,,
2024-12-08,101236.02,97210.77,,,,
2024-12-09,97432.72,97482.95,,,,
2024-12-10,96675.43,96658.72,,,,
2024-12-11,101173.03,95717.11,,,,
2024-12-12,100043.0,97619.38,,,,
2024-12-13,101459.26,97008.15,,,,
2024-12-14,101372.97,97246.02,,,,
2024-12-15,104298.7,96841.89,,,,
2024-12-16,106029.72,97951.68,,,,
2024-12-17,106140.6,98664.73,,,,
2024-12-18,100041.54,98597.93,,,,
2024-12-19,97490.95,95406.45,,,,
2024-12-20,97755.93,94782.13,,,,
2024-12-21,97224.73,93769.95,,,,
2024-12-22,95104.94,92886.74,,,,
2024-12-23,94686.24,91523.76,,,,
2024-12-24,98676.09,90940.13,,,,
2024-12-25,99299.2,92229.13,,,,
2024-12-26,95795.52,92160.2,,,,
2024-12-27,94164.86,91458.9,,,,
2024-12-28,95163.93,89596.3,,,,
2024-12-29,93530.23,90721.88,,,,
2024-12-30,92643.21,89020.89,,,,
2024-12-31,93429.2,89669.47,,,,
2025-01-01,94419.76,88262.36,,,,
2025-01-02,96886.88,89389.37,,,,
2025-01-03,98107.43,89168.57,,,,
2025-01-04,98236.23,90549.44,,,,
2025-01-05,98314.96,90012.48,,,,
2025-01-06,102078.09,91075.08,,,,
2025-01-07,96922.7,91814.68,,,,
2025-01-08,95043.52,90626.03,,,,
2025-01-09,92484.04,88688.61,,,,
2025-01-10,94701.45,88259.78,,,,
2025-01-11,94566.59,87248.74,,,,
2025-01-12,94488.44,88092.62,,,,
2025-01-13,94516.52,87427.29,,,,
2025-01-14,96534.05,88526.11,,,,
2025-01-15,100504.49,87984.68,,,,
2025-01-16,99756.91,90248.64,,,,
2025-01-17,104462.04,89244.69,,,,
2025-01-18,104408.07,91642.45,,,,
2025-01-19,101089.61,90981.26,,,,
2025-01-20,102016.66,90819.73,,,,
2025-01-21,106146.27,90701.5,,,,
2025-01-22,103653.07,93263.01,,,,
2025-01-23,103960.17,92536.96,,,,
2025-01-24,104819.48,93553.63,,,,
2025-01-25,104714.65,93994.52,,,,
2025-01-26,102682.5,94362.54,,,,
2025-01-27,102087.69,92869.97,,,,
2025-01-28,101332.48,93399.84,,,,
2025-01-29,103703.21,91857.79,,,,
2025-01-30,104735.3,93354.85,,,,
2025-01-31,102405.02,93753.13,,,,
2025-02-01,100655.91,93378.33,,,,
2025-02-02,97688.98,92567.63,,,,
2025-02-03,101405.42,92307.72,,,,
2025-02-04,97871.82,92996.88,,,,
2025-02-05,96615.45,92268.29,,,,
2025-02-06,96593.3,91155.16,,,,
2025-02-07,96529.09,91032.33,,,,
2025-02-08,96482.45,90752.04,,,,
2025-02-09,96500.09,90894.62,,,,
2025-02-10,97437.55,90660.87,,,,
2025-02-11,95747.43,91245.77,,,,
2025-02-12,97885.86,90411.68,,,,
2025-02-13,96623.87,91361.28,,,,
2025-02-14,97508.97,90787.44,,,,
2025-02-15,97580.35,91408.18,,,,
2025-02-16,96175.03,90596.81,,,,
2025-02-17,95773.38,90613.52,,,,
2025-02-18,95539.55,89598.29,,,,
2025-02-19,96635.61,89892.51,,,,
2025-02-20,98333.94,89625.58,,,,
2025-02-21,96125.55,90524.75,,,,
2025-02-22,96577.76,89530.21,,,,
2025-02-23,96273.92,88944.39,,,,
2025-02-24,91418.17,88691.96,,,,
2025-02-25,88736.17,86895.03,,,,
2025-02-26,84347.02,85035.97,,,,
2025-02-27,84704.23,82901.9,,,,
2025-02-28,84373.01,81682.77,,,,
2025-03-01,86031.91,81187.45,,,,
2025-03-02,94248.35,80988.01,,,,
2025-03-03,86065.67,83574.69,,,,
2025-03-04,87222.2,80808.32,,,,
2025-03-05,90623.56,81045.8,,,,
2025-03-06,89961.73,82783.99,,,,
2025-03-07,86742.67,82315.76,,,,
2025-03-08,86154.59,81272.18,,,,
2025-03-09,80601.04,80518.93,,,,
2025-03-10,78532.0,79708.43,,,,
2025-03-11,82862.21,78645.65,,,,
2025-03-12,83722.36,80565.87,,,,
2025-03-13,81066.7,80852.31,,,,
2025-03-14,83969.1,79924.2,,,,
2025-03-15,84343.11,80756.43,,,,
2025-03-16,82579.69,81666.35,,,,
2025-03-17,84075.69,80462.55,,,,
2025-03-18,82718.5,81849.54,,,,
2025-03-19,86854.23,80493.89,,,,
2025-03-20,84167.2,82588.37,,,,
2025-03-21,84043.24,81566.53,,,,
2025-03-22,83832.48,81097.8,,,,
2025-03-23,86054.38,80556.76,,,,
2025-03-24,87498.91,81853.14,,,,
2025-03-25,87471.7,83535.46,,,,
2025-03-26,86900.88,82476.53,,,,
2025-03-27,87177.1,82239.16,,,,
2025-03-28,84353.15,81872.41,,,,
2025-03-29,82597.59,80426.43,,,,
2025-03-30,82334.52,78851.78,,,,
2025-03-31,82548.91,79174.32,,,,
2025-04-01,85169.17,78758.79,,,,
2025-04-02,82485.71,80976.6,,,,
2025-04-03,83102.83,78019.94,,,,
2025-04-04,83843.8,79299.29,,,,
2025-04-05,83504.8,79266.92,,,,
2025-04-06,78214.48,78903.1,,,,
2025-04-07,79235.34,76151.03,,,,
2025-04-08,76271.95,76131.85,,,,
2025-04-09,82573.95,74656.33,,,,
2025-04-10,79626.14,76616.71,,,,
2025-04-11,83404.84,77044.18,,,,
2025-04-12,85287.11,78197.29,,,,
2025-04-13,83684.98,80194.66,,,,
2025-04-14,84542.39,79831.15,,,,
2025-04-15,83668.99,80375.63,,,,
2025-04-16,84033.87,80517.74,,,,
2025-04-17,84895.75,80468.64,,,,
2025-04-18,84450.8,80789.82,,,,
2025-04-19,85063.41,80226.04,,,,
2025-04-20,85174.3,80668.91,,,,
2025-04-21,87518.91,81357.04,,,,
2025-04-22,93441.89,83199.4,,,,
2025-04-23,93699.11,87325.6,,,,
2025-04-24,93943.8,87779.78,,,,
2025-04-25,94720.5,88519.44,,,,
2025-04-26,94646.93,89705.59,,,,
2025-04-27,93754.84,89568.95,,,,
2025-04-28,94978.75,89588.17,,,,
2025-04-29,94284.79,90715.94,,,,
2025-04-30,94207.31,90893.46,,,,
2025-05-01,96492.34,90638.24,,,,
2025-05-02,96910.07,92312.66,,,,
2025-05-03,95891.8,92638.89,,,,
2025-05-04,94315.98,92003.28,,,,
2025-05-05,94748.05,91926.81,,,,
2025-05-06,96802.48,91949.97,,,,
2025-05-07,97032.32,91765.03,,,,
2025-05-08,103241.46,92681.78,,,,
2025-05-09,102970.85,95984.85,,,,
2025-05-10,104696.33,96970.44,,,,
2025-05-11,104106.36,98365.23,,,,
2025-05-12,102812.95,99690.36,,,,
2025-05-13,104169.81,99499.29,,,,
2025-05-14,103539.41,101077.1,,,,
2025-05-15,103744.64,100589.89,,,,
2025-05-16,103489.29,100739.71,,,,
2025-05-17,103191.09,100786.46,,,,
2025-05-18,106446.01,100670.36,,,,
2025-05-19,105606.18,102275.15,,,,
2025-05-20,106791.09,102612.41,,,,
2025-05-21,109678.08,102877.66,,,,
2025-05-22,111673.28,104262.98,,,,
2025-05-23,107287.8,105738.69,,,,
2025-05-24,107791.16,103288.91,,,,
2025-05-25,109035.39,104006.57,,,,
2025-05-26,109440.37,104418.09,,,,
2025-05-27,108994.64,105058.06,,,,
2025-05-28,107802.33,104380.19,,,,
2025-05-29,105641.76,104374.62,,,,
2025-05-30,103998.57,102567.93,,,,
2025-05-31,104638.09,102075.66,,,,
2025-06-01,105652.1,101634.03,,,,
2025-06-02,105881.53,102001.98,,,,
2025-06-03,105432.47,102200.36,,,,
2025-06-04,104731.98,101663.6,,,,
2025-06-05,101575.95,101139.16,,,,
2025-06-06,104390.34,99308.1,,,,
2025-06-07,105615.62,100042.66,,,,
2025-06-08,105793.65,100335.73,,,,
2025-06-09,110294.1,100302.29,,,,
2025-06-10,110257.23,102900.97,,,,
2025-06-11,108686.62,102800.55,,,,
2025-06-12,105929.05,102681.04,,,,
2025-06-13,106090.97,101216.14,,,,
2025-06-14,105472.41,101355.8,,,,
2025-06-15,105552.02,100729.52,,,,
2025-06-16,106796.76,100348.35,,,,
2025-06-17,104601.12,100529.8,,,,
2025-06-18,104883.33,99373.03,,,,
2025-06-19,104684.29,98813.7,,,,
2025-06-20,103309.6,98766.42,,,,
2025-06-21,102257.41,97391.4,,,,
2025-06-22,100987.14,96809.96,,,,
2025-06-23,105577.77,95473.47,,,,
2025-06-24,106045.63,96877.61,,,,
2025-06-25,107361.26,97426.75,,,,
2025-06-26,106960.0,97871.59,,,,
2025-06-27,107088.43,97929.26,,,,
2025-06-28,107327.7,98490.11,,,,
2025-06-29,108385.57,98365.71,,,,
2025-06-30,107135.34,99363.52,,,,
2025-07-01,105698.28,98368.48,,,,
2025-07-02,108859.32,98272.94,,,,
2025-07-03,109647.98,98571.8,,,,
2025-07-04,108034.34,99948.01,,,,
2025-07-05,108231.18,98373.66,,,,
2025-07-06,109232.07,99777.97,,,,
2025-07-07,108299.85,100289.81,,,,
2025-07-08,108950.27,100049.21,,,,
2025-07-09,111326.55,99872.73,,,,
2025-07-10,115987.2,101387.59,,,,
2025-07-11,117516.99,103555.95,,,,
2025-07-12,117435.23,105644.71,,,,
2025-07-13,119116.12,105395.8,,,,
2025-07-14,119849.7,107163.55,,,,
2025-07-15,117777.19,108736.86,,,,
2025-07-16,118738.51,108157.07,,,,
2025-07-17,119289.84,108971.92,,,,
2025-07-18,118003.23,109476.44,,,,
2025-07-19,117939.98,109705.1,,,,
2025-07-20,117300.79,109294.05,,,,
2025-07-21,117439.54,109328.15,,,,
2025-07-22,119995.41,109300.07,,,,
2025-07-23,118754.96,110821.52,,,,
2025-07-24,118368.0,111146.48,,,,
2025-07-25,117635.88,111645.86,,,,
2025-07-26,117947.37,111796.11,,,,
2025-07-27,119448.49,112531.33,,,,
2025-07-28,117924.48,112620.83,,,,
2025-07-29,117922.15,113375.13,,,,
2025-07-30,117831.19,113292.03,,,,
2025-07-31,115758.2,114185.34,,,,
2025-08-01,113320.09,112737.83,,,,
2025-08-02,112526.91,112778.95,,,,
2025-08-03,114217.67,111270.56,,,,
2025-08-04,115071.88,112460.75,,,,
2025-08-05,114141.45,112247.28,,,,
2025-08-06,115028.0,112220.32,,,,
2025-08-07,117496.9,111665.0,,,,
2025-08-08,116688.73,113216.6,,,,
2025-08-09,116500.36,112309.91,,,,
2025-08-10,119306.76,112360.76,,,,
2025-08-11,118731.45,112737.99,,,,
2025-08-12,120172.91,113137.24,,,,
2025-08-13,123344.06,112536.89,,,,
2025-08-14,118359.58,114275.36,,,,
2025-08-15,117398.35,112073.76,,,,
2025-08-16,117491.35,111103.35,,,,
2025-08-17,117453.06,111063.68,,,,
2025-08-18,116252.31,110309.24,,,,
2025-08-19,112831.18,109812.05,,,,
2025-08-20,114274.74,107511.15,,,,
2025-08-21,112419.03,107193.44,,,,
2025-08-22,116874.09,106255.14,,,,
2025-08-23,115374.33,107877.76,,,,
2025-08-24,113458.43,107436.5,,,,
2025-08-25,110124.35,106721.32,,,,
2025-08-26,111802.66,105959.76,,,,
2025-08-27,111222.06,106075.53,,,,
2025-08-28,112544.8,105780.87,,,,
2025-08-29,108410.84,106476.47,,,,
2025-08-30,108808.07,104403.47,,,,
2025-08-31,108236.71,104449.57,,,,
2025-09-01,109250.59,104289.06,,,,
2025-09-02,111200.59,104663.26,,,,
2025-09-03,111723.21,105712.82,,,,
2025-09-04,110723.6,105462.51,,,,
2025-09-05,110650.98,105831.85,,,,
2025-09-06,110224.7,105272.79,,,,
2025-09-07,111167.62,105774.72,,,,
2025-09-08,112071.43,105160.57,,,,
2025-09-09,111530.55,106425.83,,,,
2025-09-10,113955.36,105669.37,,,,
2025-09-11,115507.54,107205.31,,,,
2025-09-12,116101.58,106873.45,,,,
2025-09-13,115950.51,109287.53,,,,
2025-09-14,115407.66,107852.42,,,,
2025-09-15,115444.88,109371.44,,,,
2025-09-16,116843.19,107932.55,,,,
2025-09-17,116468.51,108995.41,,,,
2025-09-18,117137.2,107530.84,,,,
2025-09-19,115688.86,108671.29,,,,
2025-09-20,115721.96,106657.89,,,,
2025-09-21,115306.09,107572.84,,,,
2025-09-22,112748.51,106670.79,,,,
2025-09-23,112014.5,105693.05,,,,
2025-09-24,113328.63,104593.88,,,,
2025-09-25,109049.29,104955.12,,,,
2025-09-26,109712.83,103494.45,,,,
2025-09-27,109681.95,104217.97,,,,
2025-09-28,112122.64,103115.43,,,,
2025-09-29,114400.38,104347.85,,,,
2025-09-30,114056.09,105544.37,,,,
2025-10-01,118648.93,105893.33,,,,
2025-10-02,120681.26,108369.79,,,,
2025-10-03,122266.53,110336.79,,,,
2025-10-04,122425.43,111952.48,,,,
2025-10-05,123513.48,112344.49,,,,
2025-10-06,124752.53,113862.82,,,,
2025-10-07,121451.38,116106.23,,,,
2025-10-08,123354.87,114786.24,,,,
2025-10-09,121705.59,116197.83,,,,
2025-10-10,113214.37,116455.39,,,,
2025-10-11,110807.88,111944.58,,,,
2025-10-12,115169.77,110432.56,,,,
2025-10-13,115271.08,111605.82,,,,
2025-10-14,113118.66,111474.8,,,,
2025-10-15,110783.16,110888.65,,,,
2025-10-16,108186.04,109017.1,,,,
2025-10-17,106467.79,109252.91,,,,
2025-10-18,107198.27,107340.22,,,,
2025-10-19,108666.71,108567.15,,,,
2025-10-20,110588.93,107135.02,,,,
2025-10-21,108476.89,109211.57,,,,
2025-10-22,107688.59,107671.38,,,,
2025-10-23,110069.73,107163.42,,,,
2025-10-24,111033.92,107588.28,,,,
2025-10-25,111641.73,107469.87,,,,
2025-10-26,114472.45,107458.63,,,,
2025-10-27,114119.33,109705.94,,,,
2025-10-28,112956.16,110887.17,,,,
2025-10-29,110055.3,109611.13,,,,
2025-10-30,108305.55,108507.56,,,,
2025-10-31,109556.16,107328.29,,,,
2025-11-01,110064.02,108601.93,,,,
2025-11-02,110639.62,107469.08,,,,
2025-11-03,106547.52,108659.56,,,,
2025-11-04,101590.52,105376.9,,,,
2025-11-05,103891.84,103783.73,,,,
2025-11-06,101301.29,102590.0,,,,
2025-11-07,103372.41,101502.02,,,,
2025-11-08,102282.12,100464.42,,,,
2025-11-09,104719.64,100066.78,,,,
2025-11-10,105996.59,99266.47,,,,
2025-11-11,102997.47,100885.03,,,,
2025-11-12,101663.19,99031.87,,,,
2025-11-13,99697.49,98760.67,,,,
2025-11-14,94397.79,97059.87,,,,
2025-11-15,95549.15,95077.16,,,,
2025-11-16,94177.08,94538.14,,,,
2025-11-17,92093.88,94448.62,,,,
2025-11-18,92948.88,93293.9,,,,
2025-11-19,91465.99,93628.07,,,,
2025-11-20,86631.9,92827.32,,,,
2025-11-21,85090.69,91029.62,,,,
2025-11-22,84648.36,89947.49,,,,
2025-11-23,86805.01,89925.06,,,,
2025-11-24,88270.56,89452.78,,,,
2025-11-25,87341.89,89791.04,,,,
2025-11-26,90518.37,89161.54,,,,
2025-11-27,91285.38,89493.44,,,,
2025-11-28,90919.27,89817.91,,,,
2025-11-29,90851.76,88832.11,,,,
2025-11-30,90394.31,88865.89,,,,
2025-12-01,86321.57,87845.9,,,,
2025-12-02,91350.2,86386.92,,,,
2025-12-03,93527.8,86744.58,,,,
2025-12-04,92141.62,88558.82,,,,
2025-12-05,89387.76,87514.65,,,,
2025-12-06,89272.38,85973.97,,,,
2025-12-07,90405.64,85925.64,,,,
2025-12-08,90640.2,86641.69,,,,
2025-12-09,92691.71,86488.35,,,,
2025-12-10,92020.95,88181.72,,,,
2025-12-11,92511.34,87537.1,,,,
2025-12-12,90270.41,86809.86,,,,
2025-12-13,90298.71,85979.48,,,,
2025-12-14,88175.18,86419.21,,,,
2025-12-15,86419.78,86333.83,,,,
2025-12-16,87843.98,85202.05,,,,
2025-12-17,86143.76,85304.4,,,,
2025-12-18,85462.51,84888.01,,,,
2025-12-19,88103.38,84866.39,,,,
2025-12-20,88344.0,85882.93,,,,
2025-12-21,88621.75,86393.67,,,,
2025-12-22,88490.02,86000.73,,,,
2025-12-23,87414.0,86650.22,,,,
2025-12-24,87611.96,85659.71,,,,
2025-12-25,87234.74,86242.7,,,,
2025-12-26,87301.43,85560.36,,,,
2025-12-27,87802.16,86586.29,,,,
2025-12-28,87835.84,86630.55,,,,
2025-12-29,87138.14,86833.5,,,,
2025-12-30,88430.13,87027.59,,,,
2025-12-31,87508.83,86450.43,,,,
2026-01-01,88731.98,85929.89,,,,
2026-01-02,89944.7,86223.17,,,,
2026-01-03,90603.19,87457.8,,,,
2026-01-04,91413.49,87580.63,,,,
2026-01-05,93882.55,88378.89,,,,
2026-01-06,93729.03,90445.03,,,,
2026-01-07,91308.05,91549.74,,,,
2026-01-08,91027.12,88536.72,,,,
2026-01-09,90513.1,89260.16,,,,
2026-01-10,90386.65,88791.38,,,,
2026-01-11,90827.46,88161.2,,,,
2026-01-12,91192.99,87721.26,,,,
2026-01-13,95321.78,89542.98,,,,
2026-01-14,96929.33,92374.79,,,,
2026-01-15,95551.19,94916.88,,,,
2026-01-16,95525.12,93084.27,,,,
2026-01-17,95099.92,94402.23,,,,
2026-01-18,93634.43,94130.08,,,,
2026-01-19,92553.59,94584.77,,,,
2026-01-20,88310.91,93020.17,,,,
2026-01-21,89376.96,92170.79,,,,
2026-01-22,89462.45,90907.65,,,,
2026-01-23,89503.88,92555.78,,,,
2026-01-24,89110.73,91161.38,,,,
2026-01-25,86572.22,91668.51,,,,
2026-01-26,88267.14,89319.66,,,,
2026-01-27,89102.57,92125.39,,,,
2026-01-28,89184.57,90340.04,,,,
2026-01-29,84561.59,89934.15,,,,
2026-01-30,84128.66,86971.32,,,,
2026-01-31,78621.12,86747.09,,,,
2026-02-01,76974.45,83189.45,,,,
2026-02-02,78688.77,81812.13,,,,
2026-02-03,75633.55,80988.67,,,,
2026-02-04,73019.7,79567.58,,,,
2026-02-05,62702.1,77142.83,,,,
2026-02-06,70555.39,73876.78,,,,
2026-02-07,69281.97,74736.61,,,,
2026-02-08,70264.73,73395.72,,,,
2026-02-09,70120.78,72835.3,,,,
2026-02-10,68793.96,73730.04,,,,
2026-02-11,66991.97,71780.77,,,,
2026-02-12,66221.84,71286.64,,,,
2026-02-13,68857.84,70347.85,,,,
2026-02-14,69767.62,70749.17,,,,
2026-02-15,68788.19,70797.17,,,,
2026-02-16,68843.16,69886.15,,,,
2026-02-17,67494.22,70313.07,,,,
2026-02-18,66425.32,69027.66,,,,
2026-02-19,66957.52,68722.3,,,,
2026-02-20,68005.42,68235.65,,,,
2026-02-21,68003.77,68710.12,,,,
2026-02-22,67659.39,67343.55,,,,
2026-02-23,64616.74,67890.86,,,,
2026-02-24,64080.04,65533.5,,,,
2026-02-25,67960.12,66559.85,,,,
2026-02-26,67453.77,66462.48,,,,
2026-02-27,65881.8,67225.95,,,,
2026-02-28,66995.86,64572.57,,,,
2026-03-01,65738.1,65906.0,,,,
2026-03-02,68775.85,64581.34,,,,
2026-03-03,68293.65,66099.99,,,,
2026-03-04,72710.58,66143.57,,,,
2026-03-05,70841.12,68828.0,,,,
2026-03-06,68136.49,67988.15,,,,
2026-03-07,67272.59,67043.28,,,,
2026-03-08,65969.78,67279.98,,,,
2026-03-09,68402.38,66770.78,,,,
2026-03-10,69926.92,68270.12,,,,
2026-03-11,70204.88,69349.8,,,,
2026-03-12,70493.46,68959.38,,,,
2026-03-13,70968.27,69035.16,,,,
2026-03-14,71214.62,69568.89,,,,
2026-03-15,72789.91,69177.67,,,,
2026-03-16,74861.09,70603.24,,,,
2026-03-17,73922.48,71502.5,,,,
2026-03-18,71245.58,71762.97,,,,
2026-03-19,69912.79,69396.28,,,,
2026-03-20,70522.59,69573.05,,,,
2026-03-21,68711.52,69906.38,,,,
2026-03-22,67845.21,69135.1,,,,
2026-03-23,70914.86,68948.8,,,,
2026-03-24,70517.86,70881.09,,,,
2026-03-25,71309.88,70565.17,,,,
2026-03-26,68791.62,70593.43,,,,
2026-03-27,66338.38,70102.21,,,,
2026-03-28,66319.7,70175.32,,,,
2026-03-29,65954.92,69841.02,,,,
2026-03-30,66691.45,70094.41,,,,
2026-03-31,68233.31,70007.92,,,,
2026-04-01,68078.55,70965.38,,,,
2026-04-02,66888.57,70688.01,,,,
2026-04-03,66931.1,70636.2,,,,
2026-04-04,67290.52,70838.84,,,,
2026-04-05,68981.9,71025.71,,,,
2026-04-06,68859.83,71785.17,,,,
2026-04-07,71940.7,71470.33,,,,
2026-04-08,71123.36,73413.89,,,,
2026-04-09,71767.83,73398.91,,,,
2026-04-10,72979.05,,71871.19,68229.01,75707.79,72979.05
2026-04-11,73054.27,,72968.55,67794.52,78537.46,73054.27
2026-04-12,70753.41,,73186.13,66881.97,80084.5,70753.41
2026-04-13,74484.64,,73956.2,66650.44,82062.76,74484.64
2026-04-14,74181.61,,73783.82,65683.73,82882.81,74181.61
2026-04-15,74805.08,,73785.43,64960.15,83809.69,74805.08
2026-04-16,75152.13,,73761.54,64279.67,84642.08,75152.13
2026-04-17,77126.88,,74339.98,64171.21,86120.12,77126.88
2026-04-18,75726.21,,74443.59,63689.81,87013.09,75726.21
2026-04-19,73856.35,,74321.32,63050.85,87606.41,73856.35
2026-04-20,75872.52,,74236.35,62475.26,88211.49,75872.52
2026-04-21,76352.77,,73818.26,61648.76,88390.01,76352.77
2026-04-22,78203.1,,73163.48,60654.11,88252.81,78203.1
2026-04-23,78268.95,,72978.94,60074.38,88655.51,78268.95
2026-04-24,78246.15,,73018.45,59697.8,89311.41,78246.15
2026-04-25,,,73170.34,59428.12,90090.33,
2026-04-26,,,73110.51,59000.58,90594.81,
2026-04-27,,,73482.88,58933.58,91624.04,
2026-04-28,,,73669.37,58727.01,92413.64,
2026-04-29,,,74159.28,58770.43,93577.65,
2026-04-30,,,74691.99,58853.6,94792.73,
2026-05-01,,,75582.31,59222.06,96462.12,
2026-05-02,,,75931.54,59170.42,97440.55,
2026-05-03,,,76472.81,59273.4,98663.0,
2026-05-04,,,76988.49,59360.42,99851.51,
2026-05-05,,,77949.38,59792.59,101619.71,
2026-05-06,,,78526.25,59931.58,102890.18,
2026-05-07,,,80430.52,61081.29,105909.16,
2026-05-08,,,81942.8,61927.38,108427.37,
2026-05-09,,,83755.36,62994.88,111357.63,
2026-05-10,,,84329.38,63128.67,112649.98,
2026-05-11,,,85459.67,63679.08,114690.02,
2026-05-12,,,85834.87,63667.59,115720.19,
2026-05-13,,,84651.32,62508.23,114638.45,
2026-05-14,,,86757.04,63780.14,118011.39,
2026-05-15,,,87175.97,63809.04,119099.91,
2026-05-16,,,88006.19,64140.06,120752.78,
2026-05-17,,,88284.67,64070.37,121650.34,
2026-05-18,,,88949.59,64282.96,123081.29,
2026-05-19,,,89104.06,64128.71,123806.21,
2026-05-20,,,89753.26,64332.54,125218.85,
2026-05-21,,,89796.14,64104.0,125785.38,
2026-05-22,,,90217.72,64148.58,126881.02,
2026-05-23,,,90332.68,63977.58,127544.56,
2026-05-24,,,91265.0,64386.42,129364.23,
2026-05-25,,,92111.94,64733.9,131069.03,
2026-05-26,,,93740.32,65627.55,133895.71,
2026-05-27,,,95858.95,66858.07,137439.47,
2026-05-28,,,99516.97,69150.73,143217.99,
2026-05-29,,,102909.5,71244.27,148648.66,
2026-05-30,,,106908.72,73742.6,154991.47,
2026-05-31,,,110294.2,75802.65,160480.03,
2026-06-01,,,114497.19,78409.36,167194.4,
2026-06-02,,,117834.17,80408.21,172680.03,
2026-06-03,,,121940.19,82917.52,179327.72,
2026-06-04,,,124602.63,84432.72,183883.87,
2026-06-05,,,127567.3,86143.1,188911.41,
2026-06-06,,,128977.93,86797.52,191656.49,
2026-06-07,,,129047.37,86549.5,192412.71,
2026-06-08,,,133209.56,89040.33,199289.32,
2026-06-09,,,134580.11,89656.21,202013.97,
2026-06-10,,,137332.98,91187.29,206830.89,
2026-06-11,,,138886.24,91915.81,209859.3,
2026-06-12,,,140506.71,92685.3,213001.77,
2026-06-13,,,141502.84,93040.67,215207.53,
2026-06-14,,,142544.8,93425.13,217489.88,
2026-06-15,,,143446.03,93716.49,219563.95,
2026-06-16,,,144312.58,93984.7,221590.54,
2026-06-17,,,145190.72,94259.98,223640.45,
2026-06-18,,,145939.79,94451.22,225496.51,
2026-06-19,,,146909.48,94784.81,227698.89,
2026-06-20,,,147754.82,95037.5,229714.43,
2026-06-21,,,148867.85,95461.44,232152.75,
2026-06-22,,,148118.19,94693.08,231685.33,
2026-06-23,,,151660.32,96665.93,237941.65,
2026-06-24,,,151652.16,96371.9,238641.96,
2026-06-25,,,153331.35,97149.74,242002.75,
2026-06-26,,,153858.95,97196.5,243553.79,
2026-06-27,,,155417.8,97893.54,246744.51,
2026-06-28,,,155777.17,97834.16,248037.35,
2026-06-29,,,156814.67,98200.74,250414.01,
2026-06-30,,,157026.01,98050.26,251474.8,
2026-07-01,,,157883.48,98303.85,253572.92,
2026-07-02,,,158066.34,98138.04,254590.05,
2026-07-03,,,158595.26,98188.29,256165.55,
2026-07-04,,,158827.66,98056.03,257263.37,
2026-07-05,,,159682.61,98308.61,259372.35,
2026-07-06,,,159851.05,98139.13,260368.72,
2026-07-07,,,160186.52,98073.63,261637.33,
2026-07-08,,,159734.34,97528.34,261616.85,
2026-07-09,,,159913.67,97371.32,262627.45,
2026-07-10,,,159720.96,96989.97,263024.99,
2026-07-11,,,159766.17,96755.47,263811.74,
2026-07-12,,,159396.34,96272.26,263909.8,
2026-07-13,,,159378.61,96004.41,264587.24,
2026-07-14,,,159014.84,95530.75,264686.69,
2026-07-15,,,158766.64,95129.5,264974.03,
2026-07-16,,,157783.05,94291.52,264026.84,
2026-07-17,,,156958.82,93553.52,263336.66,
2026-07-18,,,155714.59,92570.29,261931.08,
2026-07-19,,,154983.22,91896.82,261377.91,
2026-07-20,,,153835.77,90981.32,260113.23,
2026-07-21,,,152479.81,89948.06,258483.53,
2026-07-22,,,150855.78,88762.88,256384.96,
2026-07-23,,,149414.02,87691.21,254581.38,
2026-07-24,,,147734.24,86486.12,252357.32,
2026-07-25,,,146313.85,85439.05,250561.57,
2026-07-26,,,144750.36,84314.34,248506.56,
2026-07-27,,,143300.28,83261.59,246632.0,
2026-07-28,,,141759.04,82161.66,244586.41,
2026-07-29,,,140290.05,81109.37,242651.36,
2026-07-30,,,138797.12,80048.85,240661.04,
2026-07-31,,,137331.21,79009.48,238703.78,
2026-08-01,,,135961.15,78030.57,236899.91,
2026-08-02,,,134651.13,77091.16,235188.14,
2026-08-03,,,134014.4,76541.2,234643.03,
2026-08-04,,,133324.93,75964.19,233998.92,
2026-08-05,,,132963.67,75576.84,233925.34,
2026-08-06,,,132399.14,75076.41,233489.23,
2026-08-07,,,131960.95,74650.15,233270.68,
2026-08-08,,,131294.46,74097.39,232642.95,
2026-08-09,,,130881.23,73690.14,232458.46,
2026-08-10,,,130189.3,73128.55,231773.41,
2026-08-11,,,129721.11,72695.27,231480.89,
2026-08-12,,,128963.25,72102.34,230665.47,
2026-08-13,,,128401.48,71621.82,230194.36,
2026-08-14,,,127625.65,71024.67,229333.07,
2026-08-15,,,126981.07,70503.42,228700.87,
2026-08-16,,,126050.81,69826.55,227546.78,
2026-08-17,,,125400.16,69307.57,226890.07,
2026-08-18,,,124573.05,68693.89,225907.19,
2026-08-19,,,124126.07,68292.38,225607.61,
2026-08-20,,,123447.46,67765.77,224881.64,
2026-08-21,,,123068.44,67405.84,224696.29,
2026-08-22,,,122447.66,66915.63,224064.71,
2026-08-23,,,122108.29,66581.27,223943.38,
2026-08-24,,,121506.36,66105.77,223335.98,
2026-08-25,,,121176.76,65780.42,223224.62,
2026-08-26,,,120576.55,65310.13,222610.25,
2026-08-27,,,120244.35,64986.96,222486.22,
2026-08-28,,,119647.55,64522.71,221868.16,
2026-08-29,,,119324.43,64207.96,221753.21,
2026-08-30,,,118750.0,63759.82,221166.91,
2026-08-31,,,118869.68,63685.69,221870.9,
2026-09-01,,,118637.7,63424.06,221917.43,
2026-09-02,,,118813.88,63381.47,222726.61,
2026-09-03,,,118547.29,63103.54,222704.78,
2026-09-04,,,118739.33,63070.58,223543.65,
2026-09-05,,,118538.56,62829.72,223642.38,
2026-09-06,,,118746.56,62806.27,224511.77,
2026-09-07,,,118596.07,62593.86,224703.02,
2026-09-08,,,118807.6,62573.17,225579.86,
2026-09-09,,,118711.92,62391.26,225873.3,
2026-09-10,,,118939.92,62380.03,226782.59,
2026-09-11,,,118899.63,62228.58,227180.52,
2026-09-12,,,119146.51,62227.9,228127.43,
2026-09-13,,,119168.48,62110.14,228644.27,
2026-09-14,,,119436.17,62120.81,229633.16,
2026-09-15,,,119529.72,62041.2,230288.18,
2026-09-16,,,119823.09,62065.55,231329.19,
2026-09-17,,,120176.4,62120.92,232487.97,
2026-09-18,,,120563.58,62193.67,233714.72,
2026-09-19,,,120916.73,62248.74,234877.94,
2026-09-20,,,121304.65,62321.58,236111.12,
2026-09-21,,,121638.35,62366.45,237241.15,
2026-09-22,,,122030.5,62441.18,238487.54,
2026-09-23,,,122338.68,62472.85,239572.12,
2026-09-24,,,122703.47,62533.36,240769.73,
2026-09-25,,,122980.68,62549.21,241797.55,
2026-09-26,,,123332.83,62603.16,242974.73,
2026-09-27,,,123599.46,62613.69,243985.41,
2026-09-28,,,123931.3,62657.26,245126.69,
2026-09-29,,,124193.74,62665.75,246132.6,
2026-09-30,,,124572.74,62733.02,247371.57,
2026-10-01,,,125065.85,62857.5,248840.13,
2026-10-02,,,125597.09,63000.71,250388.1,
2026-10-03,,,126196.84,63177.78,252076.65,
2026-10-04,,,126902.02,63406.94,253980.47,
2026-10-05,,,127834.07,63748.45,256344.3,
2026-10-06,,,128767.47,64089.4,258717.66,
